canton;year;CLUSTER0;CLUSTER1;CLUSTER2;rent_avg;Z_score_rent;log_rent_avg;pop_cant;Solde_migratoire;migration_rate;migration_rate_zscore;immo_price_index;immoo_price_index_zscore;mortgage_rate;change_mrtgrate;logement_propr;debt_per_household_*1000;homeownership_rate;Z-score-debt;Z-score-ownrrate;avg_income;avg_income_zscore;log_avg_income;unemployment_rate;z-score_unemployment;log_unemployment;share_65plus;housing_constr_tot;housing_construction_pc;exposure_index;shock_exposure;log_schockexposure;shockexposure_zscore;delta_rent;delta_migration;delta_unemployment;delta_income
AG;2014;1.00;0.00;0.00;1294.83;0.11;7.17;645277.00;1819.00;0.28;0.92;1.03;0.06;1.95;0.00;114360.00;5551.00;28.50;-0.85;-1.23;80757.23;-0.44;11.30;2.80;0.23;1.03;104387.00;4937.00;0.01;-1.04;0.00;0.00;0.01;0.00;0.00;0.00;0.00
AG;2015;1.00;0.00;0.00;1258.33;-0.08;7.14;653675.00;1501.00;0.23;0.75;1.02;-0.39;1.84;-0.11;117510.00;5583.20;29.10;-0.85;-1.17;81080.26;-0.43;11.30;3.00;0.40;1.10;107352.00;4839.00;0.01;-1.01;0.11;0.11;1.15;-0.03;-0.05;0.20;0.00
AG;2016;1.00;0.00;0.00;1277.00;0.02;7.15;663462.00;2036.00;0.31;0.99;0.98;-1.80;1.71;-0.13;118803.00;5686.58;29.40;-0.85;-1.14;81647.82;-0.39;11.31;3.20;0.57;1.16;110298.00;5011.00;0.01;-1.00;0.13;0.12;1.34;0.01;0.08;0.20;0.01
AG;2017;1.00;0.00;0.00;1274.50;0.00;7.15;670988.00;2175.00;0.32;1.05;1.06;1.54;1.56;-0.15;119226.00;5807.23;29.20;-0.85;-1.16;81974.41;-0.38;11.31;3.00;0.40;1.10;116424.00;5680.00;0.01;-1.00;0.15;0.14;1.56;0.00;0.02;-0.20;0.00
AG;2018;1.00;0.00;0.00;1305.83;0.16;7.17;678207.00;1875.00;0.28;0.90;1.03;0.14;1.50;-0.06;114635.00;6200.89;27.50;-0.84;-1.33;82384.29;-0.35;11.32;2.60;0.06;0.96;119708.00;5113.00;0.01;-1.09;0.07;0.06;0.68;0.02;-0.05;-0.40;0.00
AG;2019;1.00;0.00;0.00;1318.33;0.22;7.18;685845.00;2041.00;0.30;0.96;1.04;0.43;1.43;-0.07;116235.00;6281.81;27.70;-0.84;-1.31;83126.00;-0.31;11.33;2.50;-0.03;0.92;123012.00;4775.00;0.01;-1.08;0.08;0.07;0.78;0.01;0.02;-0.10;0.01
AG;2020;1.00;0.00;0.00;1335.17;0.31;7.20;694072.00;2769.00;0.40;1.28;1.04;0.61;1.33;-0.10;113779.00;6586.60;27.40;-0.83;-1.34;83790.75;-0.27;11.34;3.40;0.75;1.22;126168.00;3771.00;0.01;-1.09;0.11;0.10;1.13;0.01;0.10;0.90;0.01
AG;2021;1.00;0.00;0.00;1341.67;0.34;7.20;703086.00;3429.00;0.49;1.55;1.05;0.80;1.25;-0.08;116256.00;6650.41;27.60;-0.83;-1.32;83623.17;-0.28;11.33;3.40;0.75;1.22;129531.00;3815.00;0.01;-1.08;0.09;0.08;0.89;0.00;0.09;0.00;0.00
AG;2022;1.00;0.00;0.00;1369.17;0.48;7.22;711232.00;2615.00;0.37;1.18;0.99;-1.70;1.21;-0.04;112419.00;7081.83;26.80;-0.83;-1.41;84375.78;-0.24;11.34;2.50;-0.03;0.92;133099.00;3679.00;0.01;-1.12;0.04;0.04;0.46;0.02;-0.12;-0.90;0.01
AG;2023;1.00;0.00;0.00;1523.14;1.26;7.33;726894.00;3128.00;0.43;1.37;1.03;0.31;1.48;0.27;111712.00;7278.43;26.70;-0.82;-1.42;98719.66;0.57;11.50;2.20;-0.29;0.79;137011.00;4193.00;0.01;-1.12;-0.30;-0.36;-3.10;0.11;0.06;-0.30;0.16
AI;2014;1.00;0.00;0.00;1299.00;0.13;7.17;15854.00;18.00;0.11;0.39;1.03;0.06;1.95;0.00;131949.00;4811.04;39.80;-0.86;-0.09;86397.74;-0.12;11.37;1.10;-1.23;0.10;2813.00;53.00;0.00;-0.48;0.00;0.00;0.01;0.00;0.00;0.00;0.00
AI;2015;1.00;0.00;0.00;1204.00;-0.35;7.09;15974.00;32.00;0.20;0.66;1.02;-0.39;1.84;-0.11;134396.00;4881.71;40.90;-0.86;0.02;86743.33;-0.11;11.37;1.00;-1.32;0.00;2865.00;146.00;0.01;-0.42;0.05;0.05;0.48;-0.08;0.09;-0.10;0.00
AI;2016;1.00;0.00;0.00;1110.17;-0.83;7.01;16003.00;-8.00;-0.05;-0.11;0.98;-1.80;1.71;-0.13;137001.00;4931.23;40.30;-0.86;-0.04;87350.54;-0.07;11.38;1.10;-1.23;0.10;2924.00;49.00;0.00;-0.45;0.06;0.06;0.61;-0.08;-0.25;0.10;0.01
AI;2017;1.00;0.00;0.00;1087.17;-0.95;6.99;16105.00;-43.00;-0.27;-0.78;1.06;1.54;1.56;-0.15;137023.00;5052.97;40.30;-0.86;-0.04;87699.94;-0.05;11.38;1.00;-1.32;0.00;3013.00;63.00;0.00;-0.45;0.07;0.07;0.70;-0.02;-0.22;-0.10;0.00
AI;2018;1.00;0.00;0.00;1134.17;-0.71;7.03;16145.00;-53.00;-0.33;-0.97;1.03;0.14;1.50;-0.06;131491.00;5405.99;38.80;-0.85;-0.19;88138.44;-0.03;11.39;1.00;-1.32;0.00;3091.00;134.00;0.01;-0.52;0.03;0.03;0.33;0.04;-0.06;0.00;0.00
AI;2019;1.00;0.00;0.00;1345.20;0.36;7.20;16128.00;-96.00;-0.60;-1.80;1.04;0.43;1.43;-0.07;131076.00;5570.56;38.80;-0.85;-0.19;88932.00;0.02;11.40;1.10;-1.23;0.10;3157.00;45.00;0.00;-0.52;0.04;0.04;0.38;0.17;-0.27;0.10;0.01
AI;2020;1.00;0.00;0.00;1354.40;0.41;7.21;16145.00;75.00;0.46;1.48;1.04;0.61;1.33;-0.10;131551.00;5696.78;38.30;-0.85;-0.24;89643.14;0.06;11.40;1.10;-1.23;0.10;3258.00;196.00;0.01;-0.55;0.05;0.05;0.57;0.01;1.06;0.00;0.01
AI;2021;1.00;0.00;0.00;1388.60;0.58;7.24;16128.00;-6.00;-0.04;-0.07;1.05;0.80;1.25;-0.08;132102.00;5852.67;38.40;-0.85;-0.23;89463.85;0.05;11.40;0.80;-1.49;-0.22;3327.00;45.00;0.00;-0.54;0.04;0.04;0.45;0.02;-0.50;-0.30;0.00
AI;2022;1.00;0.00;0.00;1314.80;0.21;7.18;16360.00;42.00;0.26;0.84;0.99;-1.70;1.21;-0.04;131365.00;6060.46;38.10;-0.84;-0.26;90269.03;0.09;11.41;0.50;-1.75;-0.69;3350.00;73.00;0.00;-0.55;0.02;0.02;0.23;-0.05;0.29;-0.30;0.01
AI;2023;1.00;0.00;0.00;1512.17;1.21;7.32;16585.00;-28.00;-0.17;-0.48;1.03;0.31;1.48;0.27;131788.00;6169.67;38.00;-0.84;-0.27;105614.76;0.97;11.57;0.50;-1.75;-0.69;3445.00;93.00;0.01;-0.56;-0.15;-0.16;-1.54;0.14;-0.43;0.00;0.16
AR;2014;1.00;0.00;0.00;1116.17;-0.80;7.02;54064.00;103.00;0.19;0.63;1.03;0.06;1.95;0.00;38293.00;16577.76;34.80;-0.67;-0.60;78168.88;-0.59;11.27;1.70;-0.72;0.53;9842.00;307.00;0.01;-0.63;0.00;0.00;0.01;0.00;0.00;0.00;0.00
AR;2015;1.00;0.00;0.00;1058.50;-1.09;6.96;54543.00;71.00;0.13;0.45;1.02;-0.39;1.84;-0.11;40236.00;16305.85;36.30;-0.67;-0.45;78481.56;-0.57;11.27;1.90;-0.55;0.64;10056.00;233.00;0.00;-0.56;0.06;0.06;0.64;-0.05;-0.06;0.20;0.00
AR;2016;1.00;0.00;0.00;1079.50;-0.99;6.98;54954.00;-46.00;-0.08;-0.22;0.98;-1.80;1.71;-0.13;40908.00;16514.69;36.30;-0.67;-0.45;79030.93;-0.54;11.28;1.80;-0.63;0.59;10244.00;352.00;0.01;-0.56;0.07;0.07;0.75;0.02;-0.21;-0.10;0.01
AR;2017;1.00;0.00;0.00;1086.33;-0.95;6.99;55178.00;51.00;0.09;0.33;1.06;1.54;1.56;-0.15;39919.00;17344.44;35.30;-0.65;-0.55;79347.05;-0.52;11.28;1.80;-0.63;0.59;10590.00;215.00;0.00;-0.60;0.09;0.09;0.93;0.01;0.18;0.00;0.00
AR;2018;1.00;0.00;0.00;1096.33;-0.90;7.00;55234.00;-199.00;-0.36;-1.07;1.03;0.14;1.50;-0.06;39601.00;17950.03;35.00;-0.64;-0.58;79743.79;-0.50;11.29;1.50;-0.89;0.41;10886.00;248.00;0.00;-0.61;0.04;0.04;0.38;0.01;-0.45;-0.30;0.00
AR;2019;1.00;0.00;0.00;1111.83;-0.82;7.01;55445.00;32.00;0.06;0.22;1.04;0.43;1.43;-0.07;40060.00;18226.83;34.40;-0.64;-0.64;80461.00;-0.46;11.30;1.60;-0.80;0.47;11052.00;163.00;0.00;-0.64;0.04;0.04;0.46;0.01;0.42;0.10;0.01
AR;2020;1.00;0.00;0.00;1106.00;-0.85;7.01;55309.00;-306.00;-0.55;-1.67;1.04;0.61;1.33;-0.10;38323.00;19555.27;34.00;-0.62;-0.68;81105.18;-0.42;11.30;2.20;-0.29;0.79;11206.00;215.00;0.00;-0.65;0.06;0.06;0.67;-0.01;-0.61;0.60;0.01
AR;2021;1.00;0.00;0.00;1147.83;-0.64;7.05;55585.00;157.00;0.28;0.92;1.05;0.80;1.25;-0.08;39391.00;19627.57;34.00;-0.61;-0.68;80942.97;-0.43;11.30;1.90;-0.55;0.64;11410.00;241.00;0.00;-0.65;0.05;0.05;0.54;0.04;0.84;-0.30;0.00
AR;2022;1.00;0.00;0.00;1157.83;-0.59;7.05;55759.00;-91.00;-0.16;-0.46;0.99;-1.70;1.21;-0.04;38325.00;20773.19;33.40;-0.59;-0.74;81671.45;-0.39;11.31;1.30;-1.06;0.26;11647.00;198.00;0.00;-0.67;0.03;0.03;0.28;0.01;-0.45;-0.60;0.01
AR;2023;1.00;0.00;0.00;1285.29;0.06;7.16;56495.00;58.00;0.10;0.36;1.03;0.31;1.48;0.27;39609.00;20527.87;34.10;-0.60;-0.67;95555.60;0.39;11.47;1.20;-1.15;0.18;11966.00;215.00;0.00;-0.63;-0.17;-0.19;-1.75;0.10;0.27;-0.10;0.16
BE;2014;0.00;0.00;1.00;1176.00;-0.50;7.07;1009370.00;712.00;0.07;0.26;1.03;0.06;1.95;0.00;5311.00;119527.84;47.00;1.07;0.63;74053.07;-0.83;11.21;2.30;-0.20;0.83;197134.00;4240.00;0.00;0.85;0.00;0.00;0.01;0.00;0.00;0.00;0.00
BE;2015;0.00;0.00;1.00;1131.83;-0.72;7.03;1017434.00;856.00;0.08;0.30;1.02;-0.39;1.84;-0.11;5595.00;117262.23;49.70;1.03;0.91;74349.29;-0.81;11.22;2.50;-0.03;0.92;201208.00;4812.00;0.00;0.97;-0.11;-0.11;-1.09;-0.04;0.01;0.20;0.00
BE;2016;0.00;0.00;1.00;1151.17;-0.62;7.05;1026464.00;748.00;0.07;0.27;0.98;-1.80;1.71;-0.13;5583.00;121007.18;50.60;1.09;1.00;74869.73;-0.78;11.22;2.70;0.14;0.99;204977.00;4283.00;0.00;1.04;-0.14;-0.15;-1.39;0.02;-0.01;0.20;0.01
BE;2017;0.00;0.00;1.00;1153.83;-0.61;7.05;1031080.00;364.00;0.04;0.15;1.06;1.54;1.56;-0.15;5814.00;119087.12;49.10;1.06;0.85;75169.21;-0.76;11.23;2.50;-0.03;0.92;211983.00;4282.00;0.00;0.95;-0.14;-0.15;-1.46;0.00;-0.04;-0.20;0.00
BE;2018;0.00;0.00;1.00;1181.00;-0.47;7.07;1034931.00;57.00;0.01;0.06;1.03;0.14;1.50;-0.06;5523.00;128705.26;46.20;1.22;0.55;75545.06;-0.74;11.23;1.90;-0.55;0.64;215471.00;4970.00;0.00;0.89;-0.05;-0.05;-0.54;0.02;-0.03;-0.60;0.00
BE;2019;0.00;0.00;1.00;1201.33;-0.37;7.09;1039426.00;75.00;0.01;0.07;1.04;0.43;1.43;-0.07;5263.00;138735.85;42.90;1.39;0.22;76225.00;-0.70;11.24;1.80;-0.63;0.59;218932.00;3417.00;0.00;0.80;-0.06;-0.06;-0.57;0.02;0.00;-0.10;0.01
BE;2020;0.00;0.00;1.00;1216.50;-0.29;7.10;1043081.00;250.00;0.02;0.12;1.04;0.61;1.33;-0.10;5262.00;142420.52;44.40;1.45;0.37;76834.76;-0.67;11.25;2.50;-0.03;0.92;222418.00;3613.00;0.00;0.91;-0.09;-0.10;-0.93;0.01;0.02;0.70;0.01
BE;2021;0.00;0.00;1.00;1232.00;-0.21;7.12;1047422.00;183.00;0.02;0.10;1.05;0.80;1.25;-0.08;5700.00;135640.31;48.20;1.34;0.76;76681.09;-0.68;11.25;2.40;-0.11;0.88;226516.00;3532.00;0.00;1.05;-0.08;-0.09;-0.86;0.01;-0.01;-0.10;0.00
BE;2022;0.00;0.00;1.00;1243.67;-0.15;7.13;1051437.00;-296.00;-0.03;-0.04;0.99;-1.70;1.21;-0.04;5339.00;149116.41;46.10;1.56;0.54;77371.22;-0.64;11.26;1.70;-0.72;0.53;230151.00;4361.00;0.00;1.05;-0.04;-0.04;-0.43;0.01;-0.05;-0.70;0.01
BE;2023;0.00;0.00;1.00;1424.57;0.76;7.26;1063533.00;-70.00;-0.01;0.02;1.03;0.31;1.48;0.27;5321.00;152807.43;46.80;1.63;0.61;90524.33;0.11;11.41;1.40;-0.98;0.34;234806.00;3165.00;0.00;1.12;0.30;0.26;3.11;0.14;0.02;-0.30;0.16
BL;2014;0.00;1.00;0.00;1344.17;0.36;7.20;281301.00;835.00;0.30;0.96;1.03;0.06;1.95;0.00;18080.00;35111.30;41.60;-0.35;0.09;91180.27;0.15;11.42;2.70;0.14;0.99;57721.00;1196.00;0.00;-0.13;0.00;0.00;0.01;0.00;0.00;0.00;0.00
BL;2015;0.00;1.00;0.00;1299.33;0.13;7.17;283231.00;613.00;0.22;0.71;1.02;-0.39;1.84;-0.11;18823.00;34855.35;42.80;-0.36;0.21;91544.99;0.17;11.42;2.70;0.14;0.99;59013.00;1678.00;0.01;-0.07;0.01;0.01;0.09;-0.03;-0.08;0.00;0.00
BL;2016;0.00;1.00;0.00;1309.17;0.18;7.18;285624.00;834.00;0.29;0.95;0.98;-1.80;1.71;-0.13;18471.00;36575.34;43.30;-0.33;0.26;92185.80;0.20;11.43;3.00;0.40;1.10;60116.00;1586.00;0.01;-0.03;0.00;0.00;0.05;0.01;0.08;0.30;0.01
BL;2017;0.00;1.00;0.00;1332.83;0.30;7.20;287023.00;702.00;0.24;0.80;1.06;1.54;1.56;-0.15;17903.00;38673.55;42.70;-0.29;0.20;92554.55;0.22;11.44;2.90;0.32;1.06;62227.00;1479.00;0.01;-0.05;0.01;0.01;0.08;0.02;-0.05;-0.10;0.00
BL;2018;0.00;1.00;0.00;1372.67;0.50;7.22;288132.00;314.00;0.11;0.38;1.03;0.14;1.50;-0.06;17932.00;39640.82;39.90;-0.28;-0.08;93017.32;0.25;11.44;2.20;-0.29;0.79;63207.00;1329.00;0.00;-0.18;0.01;0.01;0.12;0.03;-0.14;-0.70;0.00
BL;2019;0.00;1.00;0.00;1374.50;0.51;7.23;289468.00;467.00;0.16;0.54;1.04;0.43;1.43;-0.07;16844.00;43348.77;39.40;-0.22;-0.13;93854.00;0.30;11.45;1.90;-0.55;0.64;64200.00;1191.00;0.00;-0.17;0.01;0.01;0.13;0.00;0.05;-0.30;0.01
BL;2020;0.00;1.00;0.00;1384.83;0.56;7.23;290969.00;693.00;0.24;0.78;1.04;0.61;1.33;-0.10;18637.00;40211.23;41.00;-0.27;0.03;94605.31;0.34;11.46;2.60;0.06;0.96;65116.00;1619.00;0.01;-0.12;0.01;0.01;0.13;0.01;0.08;0.70;0.01
BL;2021;0.00;1.00;0.00;1417.17;0.73;7.26;292817.00;1411.00;0.48;1.53;1.05;0.80;1.25;-0.08;18090.00;42739.07;40.20;-0.23;-0.05;94416.10;0.33;11.46;2.50;-0.03;0.92;66312.00;1617.00;0.01;-0.14;0.01;0.01;0.12;0.02;0.24;-0.10;0.00
BL;2022;0.00;1.00;0.00;1440.83;0.85;7.27;294417.00;1068.00;0.36;1.17;0.99;-1.70;1.21;-0.04;17225.00;46219.59;38.50;-0.17;-0.22;95265.84;0.38;11.46;1.90;-0.55;0.64;67286.00;1643.00;0.01;-0.20;0.01;0.01;0.09;0.02;-0.12;-0.60;0.01
BL;2023;0.00;1.00;0.00;1654.57;1.93;7.41;298837.00;842.00;0.28;0.92;1.03;0.31;1.48;0.27;17797.00;45686.82;39.30;-0.18;-0.14;111461.04;1.30;11.62;1.80;-0.63;0.59;68536.00;1480.00;0.00;-0.16;-0.04;-0.04;-0.44;0.14;-0.08;-0.10;0.16
BS;2014;0.00;0.00;1.00;1361.17;0.44;7.22;190580.00;-1552.00;-0.81;-2.48;1.03;0.06;1.95;0.00;4463.00;142238.93;41.70;1.45;0.10;94405.06;0.33;11.46;3.40;0.75;1.22;38809.00;377.00;0.00;0.77;0.00;0.00;0.01;0.00;0.00;0.00;0.00
BS;2015;0.00;0.00;1.00;1321.50;0.24;7.19;191817.00;-1485.00;-0.77;-2.35;1.02;-0.39;1.84;-0.11;5044.00;130071.81;48.40;1.24;0.78;94782.68;0.35;11.46;3.70;1.00;1.31;38866.00;780.00;0.00;1.01;-0.11;-0.12;-1.14;-0.03;0.04;0.30;0.00
BS;2016;0.00;0.00;1.00;1326.33;0.27;7.19;193070.00;-1718.00;-0.89;-2.71;0.98;-1.80;1.71;-0.13;4509.00;149829.92;47.50;1.58;0.68;95446.16;0.39;11.47;3.90;1.18;1.36;38834.00;412.00;0.00;1.13;-0.15;-0.16;-1.51;0.00;-0.12;0.20;0.01
BS;2017;0.00;0.00;1.00;1330.83;0.29;7.19;193908.00;-1308.00;-0.67;-2.04;1.06;1.54;1.56;-0.15;5230.00;132384.80;49.10;1.28;0.85;95827.94;0.41;11.47;3.60;0.92;1.28;38739.00;372.00;0.00;1.06;-0.16;-0.17;-1.64;0.00;0.22;-0.30;0.00
BS;2018;0.00;0.00;1.00;1410.33;0.69;7.25;194766.00;-1525.00;-0.78;-2.38;1.03;0.14;1.50;-0.06;4783.00;148617.84;45.10;1.56;0.44;96307.08;0.44;11.48;3.30;0.66;1.19;38715.00;795.00;0.00;1.00;-0.06;-0.06;-0.61;0.06;-0.11;-0.30;0.00
BS;2019;0.00;0.00;1.00;1401.83;0.65;7.25;195844.00;-1265.00;-0.65;-1.95;1.04;0.43;1.43;-0.07;5028.00;145220.12;47.30;1.50;0.66;97174.00;0.49;11.48;3.00;0.40;1.10;38760.00;875.00;0.00;1.08;-0.08;-0.08;-0.77;-0.01;0.14;-0.30;0.01
BS;2020;0.00;0.00;1.00;1434.33;0.81;7.27;196735.00;-1716.00;-0.87;-2.66;1.04;0.61;1.33;-0.10;5553.00;134957.10;47.70;1.33;0.70;97951.24;0.53;11.49;3.90;1.18;1.36;38729.00;540.00;0.00;1.02;-0.10;-0.11;-1.04;0.02;-0.23;0.90;0.01
BS;2021;0.00;0.00;1.00;1453.50;0.91;7.28;196036.00;-2464.00;-1.26;-3.85;1.05;0.80;1.25;-0.08;4634.00;166842.85;44.20;1.86;0.35;97755.33;0.52;11.49;3.90;1.18;1.36;38827.00;912.00;0.00;1.11;-0.09;-0.09;-0.90;0.01;-0.38;0.00;0.00
BS;2022;0.00;0.00;1.00;1454.50;0.92;7.28;196786.00;-1936.00;-0.98;-3.00;0.99;-1.70;1.21;-0.04;5268.00;151126.14;46.80;1.60;0.61;98635.13;0.57;11.50;3.00;0.40;1.10;38894.00;900.00;0.00;1.11;-0.04;-0.05;-0.45;0.00;0.27;-0.90;0.01
BS;2023;0.00;0.00;1.00;1712.14;2.22;7.45;200031.00;-1651.00;-0.83;-2.51;1.03;0.31;1.48;0.27;4753.00;171068.45;43.20;1.93;0.25;115403.10;1.52;11.66;3.10;0.49;1.13;39294.00;778.00;0.00;1.09;0.29;0.26;3.04;0.16;0.16;0.10;0.16
FR;2014;0.00;0.00;1.00;1206.17;-0.34;7.10;303425.00;1569.00;0.52;1.64;1.03;0.06;1.95;0.00;3861.00;164416.56;40.10;1.82;-0.06;78231.39;-0.59;11.27;2.70;0.14;0.99;43493.00;2135.00;0.01;0.88;0.00;0.00;0.01;0.00;0.00;0.00;0.00
FR;2015;0.00;0.00;1.00;1156.17;-0.60;7.05;307510.00;936.00;0.30;0.99;1.02;-0.39;1.84;-0.11;4422.00;148367.75;43.10;1.55;0.24;78544.32;-0.57;11.27;2.80;0.23;1.03;44779.00;2635.00;0.01;0.90;-0.10;-0.10;-1.01;-0.04;-0.21;0.10;0.00
FR;2016;0.00;0.00;1.00;1162.33;-0.57;7.06;311963.00;1187.00;0.38;1.22;0.98;-1.80;1.71;-0.13;4208.00;160547.31;39.90;1.76;-0.08;79094.13;-0.54;11.28;2.80;0.23;1.03;46154.00;2179.00;0.01;0.84;-0.11;-0.12;-1.11;0.01;0.08;0.00;0.01
FR;2017;0.00;0.00;1.00;1189.33;-0.43;7.08;315120.00;1203.00;0.38;1.22;1.06;1.54;1.56;-0.15;3937.00;175862.97;39.90;2.01;-0.08;79410.51;-0.52;11.28;2.60;0.06;0.96;48891.00;2185.00;0.01;0.97;-0.14;-0.16;-1.48;0.02;0.00;-0.20;0.00
FR;2018;0.00;0.00;1.00;1196.83;-0.39;7.09;318760.00;1536.00;0.48;1.53;1.03;0.14;1.50;-0.06;3846.00;184825.57;40.70;2.16;0.00;79807.56;-0.50;11.29;2.60;0.06;0.96;50139.00;2863.00;0.01;1.08;-0.06;-0.07;-0.66;0.01;0.10;0.00;0.00
FR;2019;0.00;0.00;1.00;1217.33;-0.29;7.10;321831.00;1148.00;0.36;1.15;1.04;0.43;1.43;-0.07;3964.00;184199.48;39.70;2.15;-0.10;80526.00;-0.46;11.30;2.50;-0.03;0.92;51509.00;3146.00;0.01;1.03;-0.07;-0.07;-0.73;0.02;-0.13;-0.10;0.01
FR;2020;0.00;0.00;1.00;1234.00;-0.20;7.12;325547.00;1709.00;0.52;1.67;1.04;0.61;1.33;-0.10;4049.00;185086.88;38.80;2.17;-0.19;81170.03;-0.42;11.30;3.30;0.66;1.19;52615.00;2972.00;0.01;0.99;-0.10;-0.10;-1.01;0.01;0.17;0.80;0.01
FR;2021;0.00;0.00;1.00;1249.67;-0.12;7.13;329860.00;1731.00;0.52;1.67;1.05;0.80;1.25;-0.08;4189.00;184566.67;39.70;2.16;-0.10;81007.69;-0.43;11.30;3.00;0.40;1.10;54164.00;2127.00;0.01;1.03;-0.08;-0.09;-0.84;0.01;0.00;-0.30;0.00
FR;2022;0.00;0.00;1.00;1252.33;-0.11;7.13;334465.00;1952.00;0.58;1.85;0.99;-1.70;1.21;-0.04;3744.00;212642.23;37.40;2.63;-0.34;81736.76;-0.39;11.31;2.30;-0.20;0.83;55618.00;2501.00;0.01;1.15;-0.05;-0.05;-0.47;0.00;0.06;-0.70;0.01
FR;2023;0.00;0.00;1.00;1388.29;0.58;7.24;341537.00;1773.00;0.52;1.65;1.03;0.31;1.48;0.27;3771.00;215616.11;38.20;2.68;-0.25;95632.01;0.40;11.47;2.10;-0.37;0.74;57524.00;1803.00;0.01;1.21;0.33;0.28;3.38;0.10;-0.06;-0.20;0.16
GE;2014;0.00;0.00;1.00;1402.17;0.65;7.25;477385.00;-1861.00;-0.39;-1.16;1.03;0.06;1.95;0.00;7019.00;90441.99;46.60;0.58;0.59;105579.31;0.96;11.57;5.50;2.56;1.70;77368.00;1589.00;0.00;0.59;0.00;0.00;0.01;0.00;0.00;0.00;0.00
GE;2015;0.00;0.00;1.00;1365.83;0.47;7.22;484736.00;-1546.00;-0.32;-0.94;1.02;-0.39;1.84;-0.11;7279.00;90133.56;48.70;0.57;0.81;106001.63;0.99;11.57;5.60;2.64;1.72;78820.00;2048.00;0.00;0.69;-0.08;-0.08;-0.77;-0.03;0.07;0.10;0.00
GE;2016;0.00;0.00;1.00;1360.67;0.44;7.22;489524.00;-1669.00;-0.34;-1.01;0.98;-1.80;1.71;-0.13;7427.00;90963.12;50.40;0.59;0.98;106743.64;1.03;11.58;5.50;2.56;1.70;79992.00;1989.00;0.00;0.78;-0.10;-0.11;-1.04;0.00;-0.02;-0.10;0.01
GE;2017;0.00;0.00;1.00;1369.83;0.49;7.22;495249.00;-1727.00;-0.35;-1.04;1.06;1.54;1.56;-0.15;7583.00;91305.88;50.40;0.59;0.98;107170.62;1.05;11.58;5.00;2.12;1.61;81286.00;1977.00;0.00;0.78;-0.12;-0.13;-1.20;0.01;-0.01;-0.50;0.00
GE;2018;0.00;0.00;1.00;1384.00;0.56;7.23;499480.00;-1978.00;-0.40;-1.18;1.03;0.14;1.50;-0.06;7141.00;99543.36;47.10;0.73;0.64;107706.47;1.08;11.59;4.30;1.52;1.46;81957.00;2675.00;0.01;0.69;-0.04;-0.04;-0.42;0.01;-0.05;-0.70;0.00
GE;2019;0.00;0.00;1.00;1413.83;0.71;7.25;504128.00;-1874.00;-0.37;-1.11;1.04;0.43;1.43;-0.07;6844.00;106687.14;44.40;0.85;0.37;108676.00;1.14;11.60;3.90;1.18;1.36;82755.00;2081.00;0.00;0.61;-0.04;-0.04;-0.43;0.02;0.02;-0.40;0.01
GE;2020;0.00;0.00;1.00;1417.17;0.73;7.26;506343.00;-2649.00;-0.52;-1.58;1.04;0.61;1.33;-0.10;7615.00;98413.23;48.00;0.71;0.74;109545.23;1.19;11.60;4.90;2.04;1.59;82913.00;2345.00;0.00;0.72;-0.07;-0.08;-0.74;0.00;-0.15;1.00;0.01
GE;2021;0.00;0.00;1.00;1432.83;0.81;7.27;509448.00;-3244.00;-0.64;-1.93;1.05;0.80;1.25;-0.08;7182.00;107651.04;48.40;0.87;0.78;109326.14;1.18;11.60;5.00;2.12;1.61;84094.00;3229.00;0.01;0.82;-0.07;-0.07;-0.67;0.01;-0.11;0.10;0.00
GE;2022;0.00;0.00;1.00;1453.83;0.91;7.28;514114.00;-2157.00;-0.42;-1.25;0.99;-1.70;1.21;-0.04;7513.00;105967.32;47.00;0.84;0.63;110310.08;1.23;11.61;3.90;1.18;1.36;84870.00;3299.00;0.01;0.74;-0.03;-0.03;-0.30;0.01;0.22;-1.10;0.01
GE;2023;0.00;0.00;1.00;1668.86;2.00;7.42;524410.00;-1564.00;-0.30;-0.88;1.03;0.31;1.48;0.27;7603.00;106943.09;47.30;0.85;0.66;129062.79;2.30;11.77;3.80;1.09;1.34;86388.00;3443.00;0.01;0.76;0.21;0.19;2.11;0.14;0.12;-0.10;0.16
GL;2014;1.00;0.00;0.00;1057.17;-1.10;6.96;39794.00;-75.00;-0.19;-0.54;1.03;0.06;1.95;0.00;8405.00;75527.94;34.90;0.33;-0.59;71286.23;-0.98;11.17;2.20;-0.29;0.79;7280.00;130.00;0.00;-0.13;0.00;0.00;0.01;0.00;0.00;0.00;0.00
GL;2015;1.00;0.00;0.00;1092.60;-0.92;7.00;40028.00;-124.00;-0.31;-0.91;1.02;-0.39;1.84;-0.11;8010.00;81907.89;34.20;0.43;-0.66;71571.37;-0.97;11.18;2.10;-0.37;0.74;7483.00;176.00;0.00;-0.11;0.01;0.01;0.13;0.03;-0.12;-0.10;0.00
GL;2016;1.00;0.00;0.00;1025.50;-1.26;6.93;40147.00;-135.00;-0.34;-1.00;0.98;-1.80;1.71;-0.13;8222.00;82167.73;34.50;0.44;-0.63;72072.37;-0.94;11.19;2.40;-0.11;0.88;7628.00;276.00;0.01;-0.10;0.01;0.01;0.13;-0.06;-0.03;0.30;0.01
GL;2017;1.00;0.00;0.00;1027.00;-1.25;6.93;40349.00;-52.00;-0.13;-0.36;1.06;1.54;1.56;-0.15;8106.00;85414.82;33.80;0.49;-0.70;72360.66;-0.92;11.19;2.10;-0.37;0.74;7957.00;272.00;0.01;-0.10;0.02;0.02;0.16;0.00;0.21;-0.30;0.00
GL;2018;1.00;0.00;0.00;1062.17;-1.07;6.97;40403.00;-66.00;-0.16;-0.46;1.03;0.14;1.50;-0.06;8026.00;88567.05;33.30;0.55;-0.75;72722.47;-0.90;11.19;1.70;-0.72;0.53;8111.00;267.00;0.01;-0.10;0.01;0.01;0.07;0.03;-0.03;-0.40;0.00
GL;2019;1.00;0.00;0.00;1106.50;-0.85;7.01;40590.00;3.00;0.01;0.07;1.04;0.43;1.43;-0.07;8154.00;89547.06;32.60;0.56;-0.82;73377.00;-0.86;11.20;1.40;-0.98;0.34;8262.00;117.00;0.00;-0.13;0.01;0.01;0.10;0.04;0.17;-0.30;0.01
GL;2020;1.00;0.00;0.00;1113.33;-0.81;7.02;40851.00;17.00;0.04;0.17;1.04;0.61;1.33;-0.10;7519.00;99669.74;32.10;0.73;-0.87;73963.98;-0.83;11.21;2.10;-0.37;0.74;8420.00;177.00;0.00;-0.07;0.01;0.01;0.08;0.01;0.03;0.70;0.01
GL;2021;1.00;0.00;0.00;1129.50;-0.73;7.03;41190.00;99.00;0.24;0.79;1.05;0.80;1.25;-0.08;7927.00;97533.72;31.80;0.70;-0.90;73816.06;-0.84;11.21;2.00;-0.46;0.69;8554.00;187.00;0.00;-0.10;0.01;0.01;0.09;0.01;0.20;-0.10;0.00
GL;2022;1.00;0.00;0.00;1153.83;-0.61;7.05;41471.00;44.00;0.11;0.37;0.99;-1.70;1.21;-0.04;7540.00;105587.86;31.10;0.83;-0.97;74480.40;-0.80;11.22;1.30;-1.06;0.26;8745.00;90.00;0.00;-0.07;0.00;0.00;0.03;0.02;-0.13;-0.70;0.01
GL;2023;1.00;0.00;0.00;1309.14;0.18;7.18;42056.00;36.00;0.09;0.31;1.03;0.31;1.48;0.27;7958.00;102172.45;31.60;0.77;-0.92;87142.07;-0.08;11.38;1.30;-1.06;0.26;8980.00;143.00;0.00;-0.07;-0.02;-0.02;-0.20;0.13;-0.02;0.00;0.16
GR;2014;1.00;0.00;0.00;1220.50;-0.27;7.11;195886.00;-719.00;-0.37;-1.09;1.03;0.06;1.95;0.00;42567.00;14913.25;43.20;-0.69;0.25;72117.90;-0.93;11.19;3.40;0.75;1.22;37423.00;1776.00;0.01;-0.22;0.00;0.00;0.01;0.00;0.00;0.00;0.00
GR;2015;1.00;0.00;0.00;1178.67;-0.48;7.07;196610.00;-657.00;-0.33;-0.99;1.02;-0.39;1.84;-0.11;44707.00;14675.16;44.90;-0.70;0.42;72406.37;-0.92;11.19;3.20;0.57;1.16;38473.00;1952.00;0.01;-0.14;0.02;0.02;0.16;-0.03;0.03;-0.20;0.00
GR;2016;1.00;0.00;0.00;1178.33;-0.48;7.07;197550.00;-671.00;-0.34;-1.01;0.98;-1.80;1.71;-0.13;44624.00;15139.46;44.30;-0.69;0.36;72913.22;-0.89;11.20;3.30;0.66;1.19;39434.00;1343.00;0.01;-0.16;0.02;0.02;0.22;0.00;-0.01;0.10;0.01
GR;2017;1.00;0.00;0.00;1172.50;-0.51;7.07;197888.00;-637.00;-0.32;-0.95;1.06;1.54;1.56;-0.15;45232.00;15307.14;44.40;-0.69;0.37;73204.87;-0.87;11.20;3.20;0.57;1.16;41350.00;1296.00;0.01;-0.16;0.02;0.02;0.25;0.00;0.02;-0.10;0.00
GR;2018;1.00;0.00;0.00;1184.50;-0.45;7.08;198379.00;-217.00;-0.11;-0.29;1.03;0.14;1.50;-0.06;43485.00;16346.77;43.20;-0.67;0.25;73570.89;-0.85;11.21;3.20;0.57;1.16;42306.00;1477.00;0.01;-0.21;0.01;0.01;0.13;0.01;0.21;0.00;0.00
GR;2019;1.00;0.00;0.00;1212.83;-0.31;7.10;199021.00;-80.00;-0.04;-0.08;1.04;0.43;1.43;-0.07;43911.00;16628.33;42.20;-0.66;0.15;74233.00;-0.81;11.21;2.90;0.32;1.06;43173.00;1294.00;0.01;-0.26;0.02;0.02;0.19;0.02;0.07;-0.30;0.01
GR;2020;1.00;0.00;0.00;1220.50;-0.27;7.11;200096.00;-148.00;-0.07;-0.19;1.04;0.61;1.33;-0.10;43590.00;17192.40;41.30;-0.66;0.06;74826.90;-0.78;11.22;3.60;0.92;1.28;44150.00;1250.00;0.01;-0.30;0.03;0.03;0.31;0.01;-0.03;0.70;0.01
GR;2021;1.00;0.00;0.00;1227.33;-0.24;7.11;201376.00;34.00;0.02;0.10;1.05;0.80;1.25;-0.08;43271.00;17867.62;41.40;-0.64;0.07;74677.24;-0.79;11.22;3.30;0.66;1.19;45104.00;1078.00;0.01;-0.29;0.02;0.02;0.24;0.01;0.09;-0.30;0.00
GR;2022;1.00;0.00;0.00;1263.33;-0.05;7.14;202538.00;-140.00;-0.07;-0.17;0.99;-1.70;1.21;-0.04;43692.00;18221.47;41.70;-0.64;0.10;75349.34;-0.75;11.23;2.50;-0.03;0.92;46125.00;1126.00;0.01;-0.27;0.01;0.01;0.12;0.03;-0.09;-0.80;0.01
GR;2023;1.00;0.00;0.00;1373.86;0.51;7.23;204888.00;-273.00;-0.13;-0.37;1.03;0.31;1.48;0.27;44463.00;18286.85;41.70;-0.64;0.10;88158.73;-0.02;11.39;2.50;-0.03;0.92;47249.00;1215.00;0.01;-0.27;-0.07;-0.08;-0.74;0.08;-0.06;0.00;0.16
JU;2014;1.00;0.00;0.00;883.50;-1.98;6.78;72410.00;123.00;0.17;0.57;1.03;0.06;1.95;0.00;48199.00;13170.65;49.20;-0.72;0.86;68044.95;-1.17;11.13;3.70;1.00;1.31;13791.00;388.00;0.01;0.07;0.00;0.00;0.01;0.00;0.00;0.00;0.00
JU;2015;1.00;0.00;0.00;863.83;-2.08;6.76;72782.00;-136.00;-0.19;-0.53;1.02;-0.39;1.84;-0.11;48252.00;13596.99;48.80;-0.72;0.82;68317.13;-1.15;11.13;4.00;1.26;1.39;14226.00;290.00;0.00;0.05;-0.01;-0.01;-0.05;-0.02;-0.36;0.30;0.00
JU;2016;1.00;0.00;0.00;866.00;-2.07;6.76;73122.00;36.00;0.05;0.20;0.98;-1.80;1.71;-0.13;49659.00;13604.44;51.10;-0.72;1.05;68795.35;-1.12;11.14;4.60;1.78;1.53;14521.00;380.00;0.01;0.17;-0.02;-0.02;-0.22;0.00;0.24;0.60;0.01
JU;2017;1.00;0.00;0.00;863.17;-2.08;6.76;73290.00;-16.00;-0.02;-0.02;1.06;1.54;1.56;-0.15;50840.00;13618.66;50.40;-0.72;0.98;69070.53;-1.11;11.14;4.70;1.87;1.55;15086.00;457.00;0.01;0.13;-0.02;-0.02;-0.20;0.00;-0.07;0.10;0.00
JU;2018;1.00;0.00;0.00;850.67;-2.15;6.75;73419.00;19.00;0.03;0.12;1.03;0.14;1.50;-0.06;47680.00;14908.54;47.70;-0.69;0.70;69415.88;-1.09;11.15;3.80;1.09;1.34;15332.00;344.00;0.00;0.01;0.00;0.00;0.00;-0.01;0.05;-0.90;0.00
JU;2019;1.00;0.00;0.00;916.00;-1.81;6.82;73584.00;-75.00;-0.10;-0.27;1.04;0.43;1.43;-0.07;48243.00;15135.19;47.30;-0.69;0.66;70041.00;-1.05;11.16;3.40;0.75;1.22;15662.00;344.00;0.00;-0.01;0.00;0.00;0.01;0.07;-0.13;-0.40;0.01
JU;2020;1.00;0.00;0.00;953.00;-1.63;6.86;73709.00;34.00;0.05;0.19;1.04;0.61;1.33;-0.10;49471.00;15148.61;48.20;-0.69;0.76;70600.95;-1.02;11.16;4.70;1.87;1.55;15806.00;357.00;0.00;0.03;0.00;0.00;-0.03;0.04;0.15;1.30;0.01
JU;2021;1.00;0.00;0.00;931.00;-1.74;6.84;73798.00;0.00;0.00;0.04;1.05;0.80;1.25;-0.08;49423.00;15643.52;47.30;-0.68;0.66;70459.75;-1.03;11.16;4.90;2.04;1.59;16102.00;448.00;0.01;-0.01;0.00;0.00;0.01;-0.02;-0.05;0.20;0.00
JU;2022;1.00;0.00;0.00;938.83;-1.70;6.84;73865.00;24.00;0.03;0.14;0.99;-1.70;1.21;-0.04;49047.00;16232.03;46.10;-0.67;0.54;71093.89;-0.99;11.17;3.70;1.00;1.31;16323.00;455.00;0.01;-0.06;0.00;0.00;0.03;0.01;0.03;-1.20;0.01
JU;2023;1.00;0.00;0.00;1008.57;-1.35;6.92;74548.00;89.00;0.12;0.41;1.03;0.31;1.48;0.27;47301.00;17189.66;45.70;-0.66;0.50;83179.85;-0.31;11.33;3.40;0.75;1.22;16680.00;393.00;0.01;-0.08;-0.02;-0.02;-0.21;0.07;0.09;-0.30;0.16
LU;2014;1.00;0.00;0.00;1278.33;0.02;7.15;394604.00;115.00;0.03;0.13;1.03;0.06;1.95;0.00;10086.00;62939.95;16.00;0.11;-2.50;80969.13;-0.43;11.30;1.90;-0.55;0.64;64757.00;2786.00;0.01;-1.19;0.00;0.00;0.01;0.00;0.00;0.00;0.00
LU;2015;1.00;0.00;0.00;1238.67;-0.18;7.12;398762.00;174.00;0.04;0.18;1.02;-0.39;1.84;-0.11;9365.00;70056.83;15.50;0.23;-2.55;81293.01;-0.41;11.31;2.00;-0.46;0.69;66306.00;3391.00;0.01;-1.16;0.13;0.12;1.31;-0.03;0.01;0.10;0.00
LU;2016;1.00;0.00;0.00;1258.17;-0.08;7.14;403397.00;-270.00;-0.07;-0.16;0.98;-1.80;1.71;-0.13;9971.00;67754.80;16.50;0.20;-2.45;81862.06;-0.38;11.31;2.10;-0.37;0.74;67670.00;2812.00;0.01;-1.12;0.15;0.14;1.51;0.02;-0.11;0.10;0.01
LU;2017;1.00;0.00;0.00;1261.83;-0.06;7.14;406506.00;-169.00;-0.04;-0.09;1.06;1.54;1.56;-0.15;8856.00;78181.18;14.90;0.37;-2.61;82189.51;-0.36;11.32;1.80;-0.63;0.59;70742.00;2734.00;0.01;-1.12;0.17;0.16;1.73;0.00;0.03;-0.30;0.00
LU;2018;1.00;0.00;0.00;1289.50;0.08;7.16;409557.00;-190.00;-0.05;-0.10;1.03;0.14;1.50;-0.06;8480.00;83825.37;14.30;0.47;-2.67;82600.46;-0.34;11.32;1.70;-0.72;0.53;72068.00;3151.00;0.01;-1.10;0.07;0.06;0.68;0.02;0.00;-0.10;0.00
LU;2019;1.00;0.00;0.00;1311.83;0.19;7.18;413120.00;319.00;0.08;0.28;1.04;0.43;1.43;-0.07;9389.00;77768.32;15.80;0.36;-2.52;83344.00;-0.30;11.33;1.60;-0.80;0.47;73735.00;3020.00;0.01;-1.08;0.08;0.07;0.78;0.02;0.12;-0.10;0.01
LU;2020;1.00;0.00;0.00;1304.67;0.16;7.17;416347.00;159.00;0.04;0.16;1.04;0.61;1.33;-0.10;9184.00;81600.26;15.40;0.43;-2.56;84010.61;-0.26;11.34;2.30;-0.20;0.83;75290.00;2437.00;0.01;-1.06;0.11;0.10;1.10;-0.01;-0.04;0.70;0.01
LU;2021;1.00;0.00;0.00;1337.83;0.32;7.20;420326.00;753.00;0.18;0.60;1.05;0.80;1.25;-0.08;8722.00;88643.64;16.00;0.55;-2.50;83842.59;-0.27;11.34;2.10;-0.37;0.74;77022.00;2326.00;0.01;-0.97;0.08;0.08;0.81;0.03;0.14;-0.20;0.00
LU;2022;1.00;0.00;0.00;1356.17;0.42;7.21;424851.00;895.00;0.21;0.70;0.99;-1.70;1.21;-0.04;8892.00;89533.57;15.50;0.56;-2.55;84597.17;-0.23;11.35;1.30;-1.06;0.26;78757.00;2125.00;0.01;-0.99;0.04;0.04;0.41;0.01;0.03;-0.80;0.01
LU;2023;1.00;0.00;0.00;1539.43;1.35;7.34;432744.00;762.00;0.18;0.59;1.03;0.31;1.48;0.27;8752.00;92903.15;15.90;0.62;-2.51;98978.69;0.59;11.50;1.20;-1.15;0.18;80901.00;2950.00;0.01;-0.94;-0.25;-0.29;-2.62;0.13;-0.03;-0.10;0.16
NE;2014;1.00;0.00;0.00;999.33;-1.39;6.91;177327.00;-889.00;-0.50;-1.51;1.03;0.06;1.95;0.00;44555.00;14247.84;45.40;-0.70;0.47;75897.34;-0.72;11.24;5.10;2.21;1.63;32241.00;573.00;0.00;-0.12;0.00;0.00;0.01;0.00;0.00;0.00;0.00
NE;2015;1.00;0.00;0.00;956.17;-1.61;6.86;178107.00;-820.00;-0.46;-1.38;1.02;-0.39;1.84;-0.11;45572.00;14396.61;45.80;-0.70;0.51;76200.93;-0.70;11.24;5.30;2.38;1.67;32633.00;488.00;0.00;-0.09;0.01;0.01;0.11;-0.04;0.04;0.20;0.00
NE;2016;1.00;0.00;0.00;948.33;-1.65;6.85;178567.00;-892.00;-0.50;-1.50;0.98;-1.80;1.71;-0.13;46068.00;14664.91;46.50;-0.70;0.58;76734.33;-0.67;11.25;5.80;2.81;1.76;32924.00;540.00;0.00;-0.06;0.01;0.01;0.08;-0.01;-0.04;0.50;0.01
NE;2017;1.00;0.00;0.00;976.50;-1.51;6.88;177964.00;-989.00;-0.56;-1.68;1.06;1.54;1.56;-0.15;45632.00;15172.96;46.10;-0.69;0.54;77041.27;-0.66;11.25;5.60;2.64;1.72;33458.00;623.00;0.00;-0.07;0.01;0.01;0.12;0.03;-0.06;-0.20;0.00
NE;2018;1.00;0.00;0.00;996.00;-1.41;6.90;176850.00;-1217.00;-0.69;-2.09;1.03;0.14;1.50;-0.06;44042.00;16140.03;44.10;-0.67;0.34;77426.48;-0.63;11.26;4.50;1.69;1.50;33677.00;523.00;0.00;-0.17;0.01;0.01;0.11;0.02;-0.13;-1.10;0.00
NE;2019;1.00;0.00;0.00;1005.50;-1.36;6.91;176496.00;-1092.00;-0.62;-1.87;1.04;0.43;1.43;-0.07;43851.00;16651.09;44.10;-0.66;0.34;78123.00;-0.59;11.27;3.50;0.83;1.25;33980.00;691.00;0.00;-0.16;0.01;0.01;0.12;0.01;0.07;-1.00;0.01
NE;2020;1.00;0.00;0.00;1029.83;-1.24;6.94;175894.00;-955.00;-0.54;-1.64;1.04;0.61;1.33;-0.10;44088.00;16998.20;44.30;-0.66;0.36;78748.30;-0.56;11.27;4.80;1.95;1.57;34128.00;439.00;0.00;-0.15;0.01;0.01;0.16;0.02;0.08;1.30;0.01
NE;2021;1.00;0.00;0.00;1045.67;-1.16;6.95;176166.00;-732.00;-0.42;-1.24;1.05;0.80;1.25;-0.08;44513.00;17369.08;44.40;-0.65;0.37;78590.81;-0.57;11.27;4.40;1.61;1.48;34603.00;621.00;0.00;-0.14;0.01;0.01;0.12;0.02;0.13;-0.40;0.00
NE;2022;1.00;0.00;0.00;1049.17;-1.14;6.96;176571.00;-805.00;-0.46;-1.37;0.99;-1.70;1.21;-0.04;44544.00;17872.95;43.60;-0.64;0.29;79298.12;-0.53;11.28;3.00;0.40;1.10;34940.00;418.00;0.00;-0.18;0.01;0.01;0.08;0.00;-0.04;-1.40;0.01
NE;2023;1.00;0.00;0.00;1206.00;-0.34;7.10;178291.00;-840.00;-0.47;-1.41;1.03;0.31;1.48;0.27;45177.00;17997.84;43.50;-0.64;0.28;92778.80;0.24;11.44;2.70;0.14;0.99;35383.00;490.00;0.00;-0.18;-0.05;-0.05;-0.50;0.14;-0.02;-0.30;0.16
NW;2014;0.00;1.00;0.00;1419.17;0.74;7.26;42080.00;-113.00;-0.27;-0.79;1.03;0.06;1.95;0.00;11582.00;54810.25;42.50;-0.02;0.18;102315.24;0.78;11.54;1.00;-1.32;0.00;7535.00;273.00;0.01;0.08;0.00;0.00;0.01;0.00;0.00;0.00;0.00
NW;2015;0.00;1.00;0.00;1345.33;0.36;7.20;42420.00;13.00;0.03;0.14;1.02;-0.39;1.84;-0.11;12677.00;51753.74;44.60;-0.07;0.39;102724.50;0.80;11.54;1.10;-1.23;0.10;7814.00;231.00;0.01;0.16;-0.02;-0.02;-0.17;-0.05;0.30;0.10;0.00
NW;2016;0.00;1.00;0.00;1301.00;0.14;7.17;42556.00;-161.00;-0.38;-1.13;0.98;-1.80;1.71;-0.13;11931.00;56624.18;43.60;0.01;0.29;103443.57;0.84;11.55;1.10;-1.23;0.10;8054.00;230.00;0.01;0.15;-0.02;-0.02;-0.19;-0.03;-0.41;0.00;0.01
NW;2017;0.00;1.00;0.00;1373.00;0.50;7.22;42969.00;125.00;0.29;0.94;1.06;1.54;1.56;-0.15;12011.00;57644.87;41.70;0.03;0.10;103857.35;0.87;11.55;1.10;-1.23;0.10;8481.00;295.00;0.01;0.06;-0.01;-0.01;-0.09;0.05;0.67;0.00;0.00
NW;2018;0.00;1.00;0.00;1376.83;0.52;7.23;43223.00;-25.00;-0.06;-0.14;1.03;0.14;1.50;-0.06;12113.00;58683.99;43.50;0.04;0.28;104376.63;0.90;11.56;1.00;-1.32;0.00;8787.00;151.00;0.00;0.16;-0.01;-0.01;-0.09;0.00;-0.35;-0.10;0.00
NW;2019;0.00;1.00;0.00;1380.17;0.54;7.23;43087.00;-334.00;-0.78;-2.35;1.04;0.43;1.43;-0.07;11869.00;61518.81;41.60;0.09;0.09;105316.00;0.95;11.56;0.80;-1.49;-0.22;9008.00;112.00;0.00;0.09;-0.01;-0.01;-0.06;0.00;-0.72;-0.20;0.01
NW;2020;0.00;1.00;0.00;1407.00;0.67;7.25;43520.00;180.00;0.41;1.32;1.04;0.61;1.33;-0.10;11059.00;67765.33;38.10;0.20;-0.26;106158.55;1.00;11.57;1.50;-0.89;0.41;9269.00;368.00;0.01;-0.03;0.00;0.00;0.04;0.02;1.19;0.70;0.01
NW;2021;0.00;1.00;0.00;1413.17;0.71;7.25;43894.00;110.00;0.25;0.82;1.05;0.80;1.25;-0.08;12407.00;62315.61;41.60;0.10;0.09;105946.24;0.98;11.57;1.30;-1.06;0.26;9545.00;330.00;0.01;0.10;-0.01;-0.01;-0.07;0.00;-0.16;-0.20;0.00
NW;2022;0.00;1.00;0.00;1398.50;0.63;7.24;44420.00;107.00;0.24;0.79;0.99;-1.70;1.21;-0.04;12396.00;64224.95;41.30;0.14;0.06;106899.75;1.04;11.58;0.80;-1.49;-0.22;9825.00;277.00;0.01;0.10;0.00;0.00;-0.03;-0.01;-0.01;-0.50;0.01
NW;2023;0.00;1.00;0.00;1567.43;1.49;7.36;45016.00;-29.00;-0.06;-0.16;1.03;0.31;1.48;0.27;12656.00;64245.29;41.50;0.14;0.08;125072.71;2.07;11.74;0.70;-1.58;-0.36;10113.00;238.00;0.01;0.11;0.03;0.03;0.30;0.11;-0.31;-0.10;0.16
OW;2014;0.00;1.00;0.00;1203.83;-0.36;7.09;36834.00;-51.00;-0.14;-0.38;1.03;0.06;1.95;0.00;9779.00;64915.87;49.10;0.15;0.85;92397.18;0.22;11.43;0.90;-1.41;-0.11;6042.00;343.00;0.01;0.50;0.00;0.00;0.01;0.00;0.00;0.00;0.00
OW;2015;0.00;1.00;0.00;1166.00;-0.55;7.06;37076.00;-65.00;-0.18;-0.50;1.02;-0.39;1.84;-0.11;9868.00;66485.83;50.40;0.17;0.98;92766.77;0.24;11.44;0.90;-1.41;-0.11;6284.00;264.00;0.01;0.58;-0.06;-0.07;-0.65;-0.03;-0.04;0.00;0.00
OW;2016;0.00;1.00;0.00;1172.83;-0.51;7.07;37378.00;-28.00;-0.07;-0.19;0.98;-1.80;1.71;-0.13;9718.00;69518.74;49.90;0.22;0.93;93416.14;0.27;11.44;1.00;-1.32;0.00;6486.00;269.00;0.01;0.58;-0.07;-0.08;-0.76;0.01;0.10;0.10;0.01
OW;2017;0.00;1.00;0.00;1216.00;-0.29;7.10;37575.00;-44.00;-0.12;-0.32;1.06;1.54;1.56;-0.15;9932.00;69711.29;51.80;0.23;1.12;93789.80;0.29;11.45;0.90;-1.41;-0.11;6874.00;191.00;0.01;0.67;-0.10;-0.11;-1.03;0.04;-0.04;-0.10;0.00
OW;2018;0.00;1.00;0.00;1206.83;-0.34;7.10;37841.00;14.00;0.04;0.16;1.03;0.14;1.50;-0.06;9847.00;72188.40;48.20;0.27;0.76;94258.75;0.32;11.45;0.70;-1.58;-0.36;7102.00;205.00;0.01;0.51;-0.03;-0.03;-0.31;-0.01;0.15;-0.20;0.00
OW;2019;0.00;1.00;0.00;1241.83;-0.16;7.12;37930.00;-74.00;-0.20;-0.56;1.04;0.43;1.43;-0.07;9416.00;77545.32;46.70;0.36;0.60;95107.00;0.37;11.46;0.70;-1.58;-0.36;7322.00;192.00;0.01;0.48;-0.03;-0.03;-0.34;0.03;-0.23;0.00;0.01
OW;2020;0.00;1.00;0.00;1314.33;0.20;7.18;38108.00;11.00;0.03;0.13;1.04;0.61;1.33;-0.10;9589.00;78153.80;46.40;0.37;0.57;95867.94;0.41;11.47;1.20;-1.15;0.18;7485.00;287.00;0.01;0.47;-0.05;-0.05;-0.48;0.06;0.22;0.50;0.01
OW;2021;0.00;1.00;0.00;1390.00;0.59;7.24;38435.00;85.00;0.22;0.73;1.05;0.80;1.25;-0.08;9404.00;82214.99;47.20;0.44;0.65;95676.20;0.40;11.47;1.00;-1.32;0.00;7696.00;208.00;0.01;0.55;-0.04;-0.04;-0.44;0.06;0.19;-0.20;0.00
OW;2022;0.00;1.00;0.00;1279.00;0.03;7.15;38700.00;-69.00;-0.18;-0.51;0.99;-1.70;1.21;-0.04;9448.00;84264.66;49.10;0.47;0.85;96537.29;0.45;11.48;0.60;-1.67;-0.51;7925.00;237.00;0.01;0.66;-0.03;-0.03;-0.27;-0.08;-0.40;-0.40;0.01
OW;2023;0.00;1.00;0.00;1441.00;0.85;7.27;39272.00;-5.00;-0.01;0.00;1.03;0.31;1.48;0.27;8979.00;90554.44;46.90;0.58;0.62;112948.63;1.38;11.63;0.60;-1.67;-0.51;8204.00;180.00;0.00;0.60;0.16;0.15;1.68;0.12;0.17;0.00;0.16
SG;2014;0.00;0.00;1.00;1157.50;-0.59;7.05;495824.00;-1050.00;-0.21;-0.61;1.03;0.06;1.95;0.00;3155.00;201208.35;57.00;2.44;1.64;74714.71;-0.79;11.22;2.20;-0.29;0.79;83379.00;2893.00;0.01;2.04;0.00;0.00;0.01;0.00;0.00;0.00;0.00
SG;2015;0.00;0.00;1.00;1112.50;-0.82;7.01;499065.00;-1666.00;-0.33;-0.99;1.02;-0.39;1.84;-0.11;2986.00;219719.42;53.30;2.75;1.27;75013.57;-0.77;11.23;2.40;-0.11;0.88;85293.00;2413.00;0.00;2.01;-0.22;-0.25;-2.27;-0.04;-0.12;0.20;0.00
SG;2016;0.00;0.00;1.00;1133.17;-0.71;7.03;502552.00;-1948.00;-0.39;-1.16;0.98;-1.80;1.71;-0.13;3117.00;216741.45;54.50;2.70;1.39;75538.67;-0.74;11.23;2.50;-0.03;0.92;87144.00;2824.00;0.01;2.05;-0.27;-0.31;-2.73;0.02;-0.05;0.10;0.01
SG;2017;0.00;0.00;1.00;1128.33;-0.74;7.03;504686.00;-1885.00;-0.37;-1.11;1.06;1.54;1.56;-0.15;3061.00;226191.61;55.10;2.86;1.45;75840.82;-0.72;11.24;2.30;-0.20;0.83;90725.00;2787.00;0.01;2.16;-0.32;-0.39;-3.32;0.00;0.01;-0.20;0.00
SG;2018;0.00;0.00;1.00;1170.50;-0.52;7.07;507697.00;-924.00;-0.18;-0.52;1.03;0.14;1.50;-0.06;3002.00;236788.52;55.30;3.04;1.47;76220.02;-0.70;11.24;2.00;-0.46;0.69;92650.00;2692.00;0.01;2.25;-0.14;-0.15;-1.39;0.04;0.19;-0.30;0.00
SG;2019;0.00;0.00;1.00;1180.67;-0.47;7.07;510734.00;-1468.00;-0.29;-0.85;1.04;0.43;1.43;-0.07;3127.00;233503.92;56.90;2.98;1.63;76906.00;-0.66;11.25;1.80;-0.63;0.59;94644.00;2984.00;0.01;2.31;-0.16;-0.18;-1.66;0.01;-0.11;-0.20;0.01
SG;2020;0.00;0.00;1.00;1193.67;-0.41;7.08;514504.00;-423.00;-0.08;-0.21;1.04;0.61;1.33;-0.10;3353.00;223506.34;58.00;2.81;1.74;77521.25;-0.63;11.26;2.60;0.06;0.96;95988.00;3250.00;0.01;2.28;-0.23;-0.26;-2.34;0.01;0.21;0.80;0.01
SG;2021;0.00;0.00;1.00;1206.67;-0.34;7.10;519245.00;332.00;0.06;0.24;1.05;0.80;1.25;-0.08;3251.00;237819.07;56.00;3.06;1.54;77366.21;-0.64;11.26;2.40;-0.11;0.88;98074.00;2959.00;0.01;2.30;-0.18;-0.20;-1.89;0.01;0.15;-0.20;0.00
SG;2022;0.00;0.00;1.00;1227.83;-0.23;7.11;525967.00;477.00;0.09;0.32;0.99;-1.70;1.21;-0.04;3116.00;255498.23;52.80;3.35;1.22;78062.51;-0.60;11.27;1.70;-0.72;0.53;100325.00;3120.00;0.01;2.29;-0.09;-0.10;-0.93;0.02;0.03;-0.70;0.01
SG;2023;0.00;0.00;1.00;1367.71;0.48;7.22;535114.00;314.00;0.06;0.23;1.03;0.31;1.48;0.27;2726.00;298271.59;49.40;4.07;0.88;91333.13;0.16;11.42;1.50;-0.89;0.41;102980.00;2450.00;0.00;2.47;0.67;0.51;6.88;0.11;-0.03;-0.20;0.16
SH;2014;1.00;0.00;0.00;1159.50;-0.58;7.06;79417.00;94.00;0.12;0.41;1.03;0.06;1.95;0.00;65401.00;9706.46;41.20;-0.78;0.05;74589.34;-0.79;11.22;2.90;0.32;1.06;15801.00;424.00;0.01;-0.37;0.00;0.00;0.01;0.00;0.00;0.00;0.00
SH;2015;1.00;0.00;0.00;1081.33;-0.98;6.99;79836.00;-78.00;-0.10;-0.26;1.02;-0.39;1.84;-0.11;68851.00;9529.01;43.00;-0.78;0.23;74887.70;-0.78;11.22;3.20;0.57;1.16;16064.00;396.00;0.00;-0.28;0.03;0.03;0.32;-0.07;-0.22;0.30;0.00
SH;2016;1.00;0.00;0.00;1079.83;-0.98;6.98;80769.00;114.00;0.14;0.48;0.98;-1.80;1.71;-0.13;67754.00;9971.12;41.90;-0.78;0.12;75411.91;-0.75;11.23;3.30;0.66;1.19;16403.00;466.00;0.01;-0.33;0.04;0.04;0.44;0.00;0.24;0.10;0.01
SH;2017;1.00;0.00;0.00;1128.83;-0.74;7.03;81351.00;161.00;0.20;0.66;1.06;1.54;1.56;-0.15;69293.00;9991.95;42.60;-0.78;0.19;75713.56;-0.73;11.23;3.20;0.57;1.16;17076.00;546.00;0.01;-0.29;0.04;0.04;0.46;0.04;0.06;-0.10;0.00
SH;2018;1.00;0.00;0.00;1141.83;-0.67;7.04;81991.00;168.00;0.20;0.68;1.03;0.14;1.50;-0.06;66705.00;10656.46;41.10;-0.76;0.04;76092.13;-0.71;11.24;3.20;0.57;1.16;17347.00;303.00;0.00;-0.36;0.02;0.02;0.23;0.01;0.01;0.00;0.00
SH;2019;1.00;0.00;0.00;1146.83;-0.64;7.04;82348.00;151.00;0.18;0.61;1.04;0.43;1.43;-0.07;66303.00;11012.57;40.60;-0.76;-0.01;76777.00;-0.67;11.25;2.90;0.32;1.06;17644.00;315.00;0.00;-0.39;0.03;0.03;0.28;0.00;-0.02;-0.30;0.01
SH;2020;1.00;0.00;0.00;1189.17;-0.43;7.08;83107.00;359.00;0.43;1.38;1.04;0.61;1.33;-0.10;65102.00;11511.42;40.00;-0.75;-0.07;77391.17;-0.64;11.26;3.60;0.92;1.28;17960.00;587.00;0.01;-0.41;0.04;0.04;0.43;0.04;0.25;0.70;0.01
SH;2021;1.00;0.00;0.00;1215.67;-0.30;7.10;83995.00;321.00;0.38;1.23;1.05;0.80;1.25;-0.08;65512.00;11801.65;39.90;-0.75;-0.08;77236.39;-0.64;11.25;3.30;0.66;1.19;18336.00;361.00;0.00;-0.41;0.03;0.03;0.35;0.02;-0.05;-0.30;0.00
SH;2022;1.00;0.00;0.00;1222.17;-0.26;7.11;85214.00;454.00;0.53;1.69;0.99;-1.70;1.21;-0.04;66770.00;11923.51;39.90;-0.74;-0.08;77931.52;-0.61;11.26;2.50;-0.03;0.92;18721.00;457.00;0.01;-0.41;0.02;0.02;0.18;0.01;0.15;-0.80;0.01
SH;2023;1.00;0.00;0.00;1388.29;0.58;7.24;87111.00;523.00;0.60;1.90;1.03;0.31;1.48;0.27;64579.00;12590.60;38.70;-0.73;-0.20;91179.87;0.15;11.42;2.50;-0.03;0.92;19122.00;394.00;0.00;-0.47;-0.13;-0.14;-1.29;0.13;0.07;0.00;0.16
SO;2014;1.00;0.00;0.00;1129.83;-0.73;7.03;263719.00;403.00;0.15;0.52;1.03;0.06;1.95;0.00;25762.00;24641.42;44.80;-0.53;0.41;75782.95;-0.73;11.24;2.40;-0.11;0.88;48453.00;1676.00;0.01;-0.06;0.00;0.00;0.01;0.00;0.00;0.00;0.00
SO;2015;1.00;0.00;0.00;1065.17;-1.06;6.97;266418.00;597.00;0.22;0.74;1.02;-0.39;1.84;-0.11;26559.00;24702.82;46.00;-0.53;0.53;76086.08;-0.71;11.24;2.60;0.06;0.96;49499.00;1881.00;0.01;0.00;0.00;0.00;0.00;-0.06;0.07;0.20;0.00
SO;2016;1.00;0.00;0.00;1101.83;-0.87;7.00;269441.00;568.00;0.21;0.70;0.98;-1.80;1.71;-0.13;26342.00;25646.61;45.00;-0.51;0.43;76618.68;-0.68;11.25;3.00;0.40;1.10;50413.00;1359.00;0.01;-0.04;0.01;0.01;0.06;0.03;-0.01;0.40;0.01
SO;2017;1.00;0.00;0.00;1099.50;-0.88;7.00;271432.00;175.00;0.06;0.24;1.06;1.54;1.56;-0.15;27481.00;25194.59;46.20;-0.52;0.55;76925.16;-0.66;11.25;2.70;0.14;0.99;52477.00;1505.00;0.01;0.02;0.00;0.00;-0.02;0.00;-0.15;-0.30;0.00
SO;2018;1.00;0.00;0.00;1136.83;-0.70;7.04;273194.00;334.00;0.12;0.42;1.03;0.14;1.50;-0.06;26577.00;26746.40;43.50;-0.49;0.28;77309.78;-0.64;11.26;2.20;-0.29;0.79;53435.00;1436.00;0.01;-0.11;0.01;0.01;0.07;0.03;0.06;-0.50;0.00
SO;2019;1.00;0.00;0.00;1150.67;-0.62;7.05;275247.00;445.00;0.16;0.54;1.04;0.43;1.43;-0.07;26162.00;27909.44;44.30;-0.47;0.36;78006.00;-0.60;11.26;1.90;-0.55;0.64;54680.00;1607.00;0.01;-0.06;0.00;0.00;0.05;0.01;0.04;-0.30;0.01
SO;2020;1.00;0.00;0.00;1174.17;-0.51;7.07;277462.00;707.00;0.25;0.83;1.04;0.61;1.33;-0.10;26140.00;28669.35;44.30;-0.46;0.36;78629.62;-0.57;11.27;2.90;0.32;1.06;55637.00;1640.00;0.01;-0.05;0.01;0.01;0.06;0.02;0.09;1.00;0.01
SO;2021;1.00;0.00;0.00;1183.83;-0.46;7.08;280245.00;1027.00;0.37;1.18;1.05;0.80;1.25;-0.08;26833.00;28813.39;44.30;-0.46;0.36;78472.36;-0.57;11.27;2.90;0.32;1.06;57210.00;1279.00;0.00;-0.05;0.00;0.00;0.05;0.01;0.11;0.00;0.00
SO;2022;1.00;0.00;0.00;1200.67;-0.37;7.09;282408.00;757.00;0.27;0.87;0.99;-1.70;1.21;-0.04;26320.00;30248.20;43.10;-0.44;0.24;79178.61;-0.53;11.28;2.20;-0.29;0.79;58461.00;1104.00;0.00;-0.10;0.00;0.00;0.05;0.01;-0.10;-0.70;0.01
SO;2023;1.00;0.00;0.00;1347.57;0.37;7.21;286844.00;804.00;0.28;0.91;1.03;0.31;1.48;0.27;26696.00;30457.31;43.90;-0.43;0.32;92638.97;0.23;11.44;2.00;-0.46;0.69;60059.00;893.00;0.00;-0.06;-0.01;-0.02;-0.15;0.12;0.01;-0.20;0.16
SZ;2014;0.00;1.00;0.00;1457.83;0.93;7.28;152759.00;301.00;0.20;0.65;1.03;0.06;1.95;0.00;100307.00;6328.69;48.90;-0.84;0.83;120403.63;1.80;11.70;1.50;-0.89;0.41;24308.00;1108.00;0.01;-0.01;0.00;0.00;0.01;0.00;0.00;0.00;0.00
SZ;2015;0.00;1.00;0.00;1412.83;0.70;7.25;154093.00;229.00;0.15;0.50;1.02;-0.39;1.84;-0.11;105332.00;6228.71;50.50;-0.84;0.99;120885.25;1.83;11.70;1.60;-0.80;0.47;25115.00;1096.00;0.01;0.07;-0.01;-0.01;-0.08;-0.03;-0.05;0.10;0.00
SZ;2016;0.00;1.00;0.00;1461.00;0.95;7.29;155863.00;331.00;0.21;0.70;0.98;-1.80;1.71;-0.13;104155.00;6486.32;49.60;-0.84;0.90;121731.44;1.88;11.71;1.80;-0.63;0.59;25929.00;1402.00;0.01;0.03;0.00;0.00;-0.04;0.03;0.06;0.20;0.01
SZ;2017;0.00;1.00;0.00;1442.33;0.85;7.27;157301.00;221.00;0.14;0.48;1.06;1.54;1.56;-0.15;103516.00;6688.56;49.10;-0.83;0.85;122218.37;1.91;11.71;1.70;-0.72;0.53;27445.00;1301.00;0.01;0.01;0.00;0.00;-0.01;-0.01;-0.07;-0.10;0.00
SZ;2018;0.00;1.00;0.00;1487.17;1.08;7.30;159165.00;535.00;0.34;1.08;1.03;0.14;1.50;-0.06;101731.00;6987.44;47.20;-0.83;0.65;122829.46;1.94;11.72;1.30;-1.06;0.26;28232.00;1248.00;0.01;-0.09;0.01;0.01;0.06;0.03;0.20;-0.40;0.00
SZ;2019;0.00;1.00;0.00;1458.00;0.93;7.28;160480.00;303.00;0.19;0.63;1.04;0.43;1.43;-0.07;101615.00;7185.62;46.30;-0.82;0.56;123935.00;2.01;11.73;1.10;-1.23;0.10;29131.00;1058.00;0.01;-0.13;0.01;0.01;0.10;-0.02;-0.15;-0.20;0.01
SZ;2020;0.00;1.00;0.00;1475.33;1.02;7.30;162157.00;789.00;0.49;1.55;1.04;0.61;1.33;-0.10;102725.00;7295.37;46.60;-0.82;0.59;124926.40;2.06;11.74;1.50;-0.89;0.41;29861.00;995.00;0.01;-0.11;0.01;0.01;0.12;0.01;0.30;0.40;0.01
SZ;2021;0.00;1.00;0.00;1503.67;1.16;7.32;163689.00;596.00;0.36;1.17;1.05;0.80;1.25;-0.08;102252.00;7561.22;46.30;-0.82;0.56;124676.55;2.05;11.73;1.20;-1.15;0.18;30541.00;685.00;0.00;-0.13;0.01;0.01;0.11;0.02;-0.12;-0.30;0.00
SZ;2022;0.00;1.00;0.00;1522.83;1.26;7.33;164920.00;35.00;0.02;0.11;0.99;-1.70;1.21;-0.04;102379.00;7776.33;46.00;-0.81;0.53;125798.64;2.11;11.74;0.80;-1.49;-0.22;31442.00;931.00;0.01;-0.14;0.01;0.01;0.06;0.01;-0.34;-0.40;0.01
SZ;2023;0.00;1.00;0.00;1774.14;2.54;7.48;167403.00;342.00;0.20;0.68;1.03;0.31;1.48;0.27;101955.00;7974.97;45.50;-0.81;0.48;147184.41;3.32;11.90;0.80;-1.49;-0.22;32515.00;1104.00;0.01;-0.16;-0.04;-0.05;-0.45;0.15;0.18;0.00;0.16
TG;2014;1.00;0.00;0.00;1142.67;-0.67;7.04;263733.00;608.00;0.23;0.76;1.03;0.06;1.95;0.00;42280.00;15014.48;46.90;-0.69;0.62;77857.29;-0.61;11.26;2.30;-0.20;0.83;41978.00;2017.00;0.01;-0.03;0.00;0.00;0.01;0.00;0.00;0.00;0.00
TG;2015;1.00;0.00;0.00;1115.67;-0.80;7.02;267429.00;952.00;0.36;1.14;1.02;-0.39;1.84;-0.11;43109.00;15219.15;48.00;-0.69;0.74;78168.72;-0.59;11.27;2.40;-0.11;0.88;43316.00;2195.00;0.01;0.02;0.00;0.00;-0.02;-0.02;0.13;0.10;0.00
TG;2016;1.00;0.00;0.00;1123.33;-0.76;7.02;270709.00;590.00;0.22;0.72;0.98;-1.80;1.71;-0.13;43802.00;15423.57;47.90;-0.68;0.73;78715.91;-0.56;11.27;2.50;-0.03;0.92;44693.00;1931.00;0.01;0.02;0.00;0.00;-0.02;0.01;-0.14;0.10;0.01
TG;2017;1.00;0.00;0.00;1136.83;-0.70;7.04;273801.00;970.00;0.35;1.14;1.06;1.54;1.56;-0.15;43648.00;15862.64;47.00;-0.68;0.63;79030.77;-0.54;11.28;2.20;-0.29;0.79;47245.00;2566.00;0.01;-0.02;0.00;0.00;0.04;0.01;0.14;-0.30;0.00
TG;2018;1.00;0.00;0.00;1163.50;-0.56;7.06;276472.00;596.00;0.22;0.71;1.03;0.14;1.50;-0.06;42138.00;16869.31;44.90;-0.66;0.42;79425.92;-0.52;11.28;2.00;-0.46;0.69;48651.00;2109.00;0.01;-0.12;0.01;0.01;0.08;0.02;-0.14;-0.20;0.00
TG;2019;1.00;0.00;0.00;1187.67;-0.44;7.08;279547.00;607.00;0.22;0.72;1.04;0.43;1.43;-0.07;42716.00;17093.52;45.40;-0.66;0.47;80141.00;-0.48;11.29;1.90;-0.55;0.64;50151.00;1709.00;0.01;-0.09;0.01;0.01;0.07;0.02;0.00;-0.10;0.01
TG;2020;1.00;0.00;0.00;1212.67;-0.31;7.10;282909.00;957.00;0.34;1.09;1.04;0.61;1.33;-0.10;42640.00;17575.44;45.00;-0.65;0.43;80781.88;-0.44;11.30;2.50;-0.03;0.92;51722.00;1635.00;0.01;-0.11;0.01;0.01;0.12;0.02;0.12;0.60;0.01
TG;2021;1.00;0.00;0.00;1227.17;-0.24;7.11;285964.00;851.00;0.30;0.96;1.05;0.80;1.25;-0.08;43156.00;17915.23;45.10;-0.64;0.44;80620.32;-0.45;11.30;2.40;-0.11;0.88;53327.00;1628.00;0.01;-0.10;0.01;0.01;0.09;0.01;-0.04;-0.10;0.00
TG;2022;1.00;0.00;0.00;1242.50;-0.16;7.12;289650.00;676.00;0.23;0.77;0.99;-1.70;1.21;-0.04;43327.00;18374.97;44.80;-0.64;0.41;81345.90;-0.41;11.31;2.00;-0.46;0.69;54896.00;1722.00;0.01;-0.11;0.00;0.00;0.05;0.01;-0.06;-0.40;0.01
TG;2023;1.00;0.00;0.00;1410.71;0.69;7.25;295220.00;749.00;0.25;0.83;1.03;0.31;1.48;0.27;43773.00;18575.11;44.60;-0.63;0.39;95174.70;0.37;11.46;1.90;-0.55;0.64;56761.00;2195.00;0.01;-0.12;-0.03;-0.03;-0.33;0.13;0.02;-0.10;0.16
TI;2014;1.00;0.00;0.00;1170.00;-0.53;7.06;350363.00;-607.00;-0.17;-0.49;1.03;0.06;1.95;0.00;37098.00;17111.77;39.20;-0.66;-0.15;77966.80;-0.60;11.26;4.10;1.35;1.41;73690.00;2388.00;0.01;-0.40;0.00;0.00;0.01;0.00;0.00;0.00;0.00
TI;2015;1.00;0.00;0.00;1142.67;-0.67;7.04;351946.00;-976.00;-0.28;-0.81;1.02;-0.39;1.84;-0.11;39514.00;16603.79;40.20;-0.66;-0.05;78278.67;-0.59;11.27;3.70;1.00;1.31;75549.00;2492.00;0.01;-0.36;0.04;0.04;0.41;-0.02;-0.10;-0.40;0.00
TI;2016;1.00;0.00;0.00;1163.83;-0.56;7.06;354375.00;-798.00;-0.23;-0.65;0.98;-1.80;1.71;-0.13;39739.00;17000.51;40.00;-0.66;-0.07;78826.62;-0.55;11.28;3.50;0.83;1.25;76731.00;2280.00;0.01;-0.37;0.05;0.05;0.49;0.02;0.05;-0.20;0.01
TI;2017;1.00;0.00;0.00;1154.50;-0.61;7.05;353709.00;-743.00;-0.21;-0.61;1.06;1.54;1.56;-0.15;40531.00;17082.54;40.50;-0.66;-0.02;79141.93;-0.54;11.28;3.30;0.66;1.19;78899.00;2538.00;0.01;-0.34;0.05;0.05;0.53;-0.01;0.02;-0.20;0.00
TI;2018;1.00;0.00;0.00;1184.00;-0.46;7.08;353343.00;-731.00;-0.21;-0.60;1.03;0.14;1.50;-0.06;40999.00;17337.96;39.60;-0.65;-0.11;79537.64;-0.51;11.28;2.90;0.32;1.06;79895.00;2018.00;0.01;-0.38;0.02;0.02;0.24;0.03;0.00;-0.40;0.00
TI;2019;1.00;0.00;0.00;1200.17;-0.37;7.09;351491.00;-793.00;-0.23;-0.65;1.04;0.43;1.43;-0.07;39474.00;18497.41;38.10;-0.63;-0.26;80253.00;-0.47;11.29;2.80;0.23;1.03;80718.00;2402.00;0.01;-0.45;0.03;0.03;0.33;0.01;-0.02;-0.10;0.01
TI;2020;1.00;0.00;0.00;1220.00;-0.27;7.11;350986.00;-669.00;-0.19;-0.55;1.04;0.61;1.33;-0.10;41288.00;18150.96;39.20;-0.64;-0.15;80895.50;-0.44;11.30;3.70;1.00;1.31;81011.00;2531.00;0.01;-0.40;0.04;0.04;0.41;0.02;0.04;0.90;0.01
TI;2021;1.00;0.00;0.00;1218.83;-0.28;7.11;352181.00;-26.00;-0.01;0.02;1.05;0.80;1.25;-0.08;41334.00;18704.94;38.80;-0.63;-0.19;80733.71;-0.45;11.30;3.20;0.57;1.16;82355.00;2116.00;0.01;-0.41;0.03;0.03;0.34;0.00;0.18;-0.50;0.00
TI;2022;1.00;0.00;0.00;1224.67;-0.25;7.11;354023.00;281.00;0.08;0.29;0.99;-1.70;1.21;-0.04;40268.00;19770.85;39.00;-0.61;-0.17;81460.32;-0.40;11.31;2.60;0.06;0.96;83490.00;1724.00;0.00;-0.39;0.02;0.02;0.17;0.00;0.09;-0.60;0.01
TI;2023;1.00;0.00;0.00;1383.57;0.56;7.23;357720.00;-145.00;-0.04;-0.08;1.03;0.31;1.48;0.27;41025.00;19819.34;38.20;-0.61;-0.25;95308.57;0.38;11.46;2.40;-0.11;0.88;84665.00;1682.00;0.00;-0.43;-0.12;-0.12;-1.20;0.12;-0.12;-0.20;0.16
UR;2014;1.00;0.00;0.00;1095.50;-0.90;7.00;36008.00;-108.00;-0.30;-0.88;1.03;0.06;1.95;0.00;64587.00;9828.79;31.20;-0.78;-0.96;72042.46;-0.94;11.19;1.10;-1.23;0.10;6776.00;274.00;0.01;-0.87;0.00;0.00;0.01;0.00;0.00;0.00;0.00
UR;2015;1.00;0.00;0.00;1079.33;-0.99;6.98;35973.00;-121.00;-0.34;-1.00;1.02;-0.39;1.84;-0.11;65427.00;10027.70;31.70;-0.78;-0.91;72330.63;-0.92;11.19;1.00;-1.32;0.00;6904.00;203.00;0.01;-0.84;0.09;0.09;0.96;-0.01;-0.04;-0.10;0.00
UR;2016;1.00;0.00;0.00;1070.83;-1.03;6.98;36145.00;-41.00;-0.11;-0.31;0.98;-1.80;1.71;-0.13;65999.00;10236.26;31.70;-0.77;-0.91;72836.94;-0.89;11.20;1.00;-1.32;0.00;7012.00;266.00;0.01;-0.84;0.11;0.10;1.13;-0.01;0.22;0.00;0.01
UR;2017;1.00;0.00;0.00;1074.00;-1.01;6.98;36299.00;-13.00;-0.04;-0.07;1.06;1.54;1.56;-0.15;65637.00;10548.51;31.00;-0.77;-0.98;73128.29;-0.88;11.20;1.00;-1.32;0.00;7284.00;387.00;0.01;-0.87;0.13;0.12;1.35;0.00;0.08;0.00;0.00
UR;2018;1.00;0.00;0.00;1099.33;-0.89;7.00;36433.00;-58.00;-0.16;-0.45;1.03;0.14;1.50;-0.06;65962.00;10776.49;30.40;-0.76;-1.04;73493.93;-0.86;11.20;0.80;-1.49;-0.22;7442.00;357.00;0.01;-0.90;0.05;0.05;0.56;0.02;-0.12;-0.20;0.00
UR;2019;1.00;0.00;0.00;1218.40;-0.28;7.11;36703.00;51.00;0.14;0.47;1.04;0.43;1.43;-0.07;63907.00;11425.46;29.80;-0.75;-1.10;74155.00;-0.82;11.21;1.10;-1.23;0.10;7631.00;127.00;0.00;-0.93;0.06;0.06;0.67;0.10;0.30;0.30;0.01
UR;2020;1.00;0.00;0.00;1090.50;-0.93;6.99;36819.00;-140.00;-0.38;-1.13;1.04;0.61;1.33;-0.10;65999.00;11354.97;29.90;-0.75;-1.09;74748.62;-0.79;11.22;1.50;-0.89;0.41;7765.00;329.00;0.01;-0.92;0.09;0.09;0.95;-0.11;-0.52;0.40;0.01
UR;2021;1.00;0.00;0.00;1159.00;-0.58;7.06;37047.00;-17.00;-0.05;-0.10;1.05;0.80;1.25;-0.08;66841.00;11567.00;29.90;-0.75;-1.09;74599.12;-0.79;11.22;1.20;-1.15;0.18;7972.00;353.00;0.01;-0.92;0.07;0.07;0.76;0.06;0.33;-0.30;0.00
UR;2022;1.00;0.00;0.00;1160.17;-0.58;7.06;37317.00;14.00;0.04;0.16;0.99;-1.70;1.21;-0.04;66462.00;11978.76;30.10;-0.74;-1.07;75270.52;-0.76;11.23;0.80;-1.49;-0.22;8144.00;244.00;0.01;-0.91;0.04;0.04;0.38;0.00;0.08;-0.40;0.01
UR;2023;1.00;0.00;0.00;1274.00;0.00;7.15;37931.00;1.00;0.00;0.05;1.03;0.31;1.48;0.27;66375.00;12249.92;30.00;-0.74;-1.08;88066.50;-0.03;11.39;0.80;-1.49;-0.22;8397.00;243.00;0.01;-0.91;-0.25;-0.28;-2.52;0.09;-0.03;0.00;0.16
VD;2014;0.00;0.00;1.00;1348.67;0.38;7.21;761446.00;-1409.00;-0.19;-0.53;1.03;0.06;1.95;0.00;44257.00;14343.77;57.20;-0.70;1.66;90682.93;0.12;11.42;4.60;1.78;1.53;120806.00;4694.00;0.01;0.48;0.00;0.00;0.01;0.00;0.00;0.00;0.00
VD;2015;0.00;0.00;1.00;1311.67;0.19;7.18;773407.00;-1069.00;-0.14;-0.38;1.02;-0.39;1.84;-0.11;45530.00;14409.89;57.30;-0.70;1.67;91045.67;0.14;11.42;4.70;1.87;1.55;123612.00;4478.00;0.01;0.49;-0.05;-0.05;-0.54;-0.03;0.05;0.10;0.00
VD;2016;0.00;0.00;1.00;1343.50;0.35;7.20;784822.00;-910.00;-0.12;-0.32;0.98;-1.80;1.71;-0.13;45050.00;14996.30;56.80;-0.69;1.62;91682.99;0.18;11.43;4.70;1.87;1.55;125957.00;5570.00;0.01;0.47;-0.06;-0.06;-0.62;0.02;0.02;0.00;0.01
VD;2017;0.00;0.00;1.00;1357.83;0.43;7.21;793129.00;-1108.00;-0.14;-0.39;1.06;1.54;1.56;-0.15;47132.00;14690.07;57.30;-0.70;1.67;92049.72;0.20;11.43;4.30;1.52;1.46;129778.00;4857.00;0.01;0.49;-0.07;-0.08;-0.75;0.01;-0.02;-0.40;0.00
VD;2018;0.00;0.00;1.00;1383.17;0.55;7.23;799145.00;-1437.00;-0.18;-0.51;1.03;0.14;1.50;-0.06;44795.00;15868.72;55.20;-0.68;1.46;92509.97;0.22;11.44;3.60;0.92;1.28;131400.00;5158.00;0.01;0.39;-0.02;-0.02;-0.24;0.02;-0.04;-0.70;0.00
VD;2019;0.00;0.00;1.00;1400.17;0.64;7.24;805098.00;-978.00;-0.12;-0.33;1.04;0.43;1.43;-0.07;45767.00;15954.00;54.50;-0.68;1.39;93343.00;0.27;11.44;3.40;0.75;1.22;133375.00;4733.00;0.01;0.36;-0.03;-0.03;-0.25;0.01;0.06;-0.20;0.01
VD;2020;0.00;0.00;1.00;1416.83;0.72;7.26;814762.00;-699.00;-0.09;-0.22;1.04;0.61;1.33;-0.10;46186.00;16226.06;54.30;-0.67;1.37;94089.30;0.31;11.45;4.50;1.69;1.50;134512.00;6483.00;0.01;0.35;-0.03;-0.04;-0.35;0.01;0.04;1.10;0.01
VD;2021;0.00;0.00;1.00;1434.83;0.82;7.27;822968.00;-968.00;-0.12;-0.32;1.05;0.80;1.25;-0.08;48659.00;15889.14;55.20;-0.68;1.46;93901.12;0.30;11.45;4.10;1.35;1.41;136678.00;3863.00;0.00;0.39;-0.03;-0.03;-0.32;0.01;-0.03;-0.40;0.00
VD;2022;0.00;0.00;1.00;1463.33;0.96;7.29;830431.00;-1595.00;-0.19;-0.55;0.99;-1.70;1.21;-0.04;46655.00;17064.25;53.80;-0.66;1.32;94746.23;0.35;11.46;3.30;0.66;1.19;138839.00;4138.00;0.00;0.33;-0.01;-0.01;-0.13;0.02;-0.07;-0.80;0.01
VD;2023;0.00;0.00;1.00;1690.57;2.11;7.43;845870.00;-2425.00;-0.29;-0.84;1.03;0.31;1.48;0.27;47517.00;17111.53;53.60;-0.66;1.30;110853.09;1.26;11.62;3.30;0.66;1.19;141976.00;4612.00;0.01;0.32;0.09;0.08;0.90;0.14;-0.09;0.00;0.16
VS;2014;1.00;0.00;0.00;1126.50;-0.75;7.03;331763.00;614.00;0.19;0.62;1.03;0.06;1.95;0.00;15540.00;40850.21;29.60;-0.26;-1.12;65063.10;-1.34;11.08;3.90;1.18;1.36;59241.00;2839.00;0.01;-0.69;0.00;0.00;0.01;0.00;0.00;0.00;0.00
VS;2015;1.00;0.00;0.00;1063.67;-1.07;6.97;335696.00;766.00;0.23;0.75;1.02;-0.39;1.84;-0.11;16119.00;40702.41;30.80;-0.26;-1.00;65323.35;-1.32;11.09;4.00;1.26;1.39;61249.00;3241.00;0.01;-0.63;0.07;0.07;0.72;-0.06;0.04;0.10;0.00
VS;2016;1.00;0.00;0.00;1066.83;-1.05;6.97;339176.00;650.00;0.19;0.64;0.98;-1.80;1.71;-0.13;16574.00;40761.62;31.80;-0.26;-0.90;65780.61;-1.29;11.09;3.90;1.18;1.36;62936.00;3335.00;0.01;-0.58;0.08;0.07;0.78;0.00;-0.04;-0.10;0.01
VS;2017;1.00;0.00;0.00;1118.50;-0.79;7.02;341463.00;929.00;0.27;0.89;1.06;1.54;1.56;-0.15;16470.00;42038.40;31.60;-0.24;-0.92;66043.74;-1.28;11.10;3.50;0.83;1.25;65999.00;2881.00;0.01;-0.58;0.09;0.08;0.90;0.05;0.08;-0.40;0.00
VS;2018;1.00;0.00;0.00;1114.00;-0.81;7.02;343955.00;1316.00;0.38;1.23;1.03;0.14;1.50;-0.06;15904.00;44695.62;30.80;-0.19;-1.00;66373.95;-1.26;11.10;3.00;0.40;1.10;67450.00;3088.00;0.01;-0.60;0.04;0.04;0.37;0.00;0.11;-0.50;0.00
VS;2019;1.00;0.00;0.00;1139.17;-0.68;7.04;345525.00;1099.00;0.32;1.03;1.04;0.43;1.43;-0.07;15905.00;45908.00;30.30;-0.17;-1.05;66971.00;-1.23;11.11;2.70;0.14;0.99;68835.00;2436.00;0.01;-0.61;0.04;0.04;0.45;0.02;-0.06;-0.30;0.01
VS;2020;1.00;0.00;0.00;1144.83;-0.65;7.04;348503.00;1252.00;0.36;1.16;1.04;0.61;1.33;-0.10;16336.00;45875.17;30.60;-0.17;-1.02;67507.09;-1.20;11.12;3.80;1.09;1.34;70012.00;2209.00;0.01;-0.60;0.06;0.06;0.62;0.00;0.04;1.10;0.01
VS;2021;1.00;0.00;0.00;1159.67;-0.58;7.06;353209.00;1837.00;0.52;1.65;1.05;0.80;1.25;-0.08;15917.00;48573.84;31.40;-0.13;-0.94;67372.08;-1.20;11.12;3.30;0.66;1.19;71765.00;2869.00;0.01;-0.53;0.04;0.04;0.44;0.01;0.16;-0.50;0.00
VS;2022;1.00;0.00;0.00;1182.83;-0.46;7.08;357282.00;1490.00;0.42;1.33;0.99;-1.70;1.21;-0.04;15356.00;51845.04;30.70;-0.07;-1.01;67978.42;-1.17;11.13;2.30;-0.20;0.83;73279.00;2315.00;0.01;-0.54;0.02;0.02;0.23;0.02;-0.10;-1.00;0.01
VS;2023;1.00;0.00;0.00;1339.00;0.33;7.20;365844.00;1292.00;0.35;1.14;1.03;0.31;1.48;0.27;16149.00;50349.14;29.90;-0.10;-1.09;79534.76;-0.51;11.28;2.30;-0.20;0.83;75330.00;2297.00;0.01;-0.59;-0.16;-0.18;-1.65;0.12;-0.06;0.00;0.16
ZG;2014;0.00;1.00;0.00;1732.50;2.32;7.46;120089.00;467.00;0.39;1.25;1.03;0.06;1.95;0.00;19007.00;33398.87;18.30;-0.38;-2.26;135037.34;2.63;11.81;2.10;-0.37;0.74;18844.00;1375.00;0.01;-1.32;0.00;0.00;0.01;0.00;0.00;0.00;0.00
ZG;2015;0.00;1.00;0.00;1708.00;2.20;7.44;122134.00;434.00;0.36;1.14;1.02;-0.39;1.84;-0.11;18842.00;34820.20;18.80;-0.36;-2.21;135577.49;2.67;11.82;2.20;-0.29;0.79;19445.00;840.00;0.01;-1.29;0.14;0.13;1.46;-0.01;-0.03;0.10;0.00
ZG;2016;0.00;1.00;0.00;1698.17;2.15;7.44;123948.00;98.00;0.08;0.29;0.98;-1.80;1.71;-0.13;19218.00;35153.66;18.50;-0.35;-2.24;136526.53;2.72;11.82;2.40;-0.11;0.88;19992.00;892.00;0.01;-1.30;0.17;0.16;1.74;-0.01;-0.28;0.20;0.01
ZG;2017;0.00;1.00;0.00;1717.67;2.25;7.45;125421.00;91.00;0.07;0.27;1.06;1.54;1.56;-0.15;19654.00;35228.07;18.80;-0.35;-2.21;137072.64;2.75;11.83;2.30;-0.20;0.83;20965.00;631.00;0.01;-1.28;0.19;0.18;1.98;0.01;-0.01;-0.10;0.00
ZG;2018;0.00;1.00;0.00;1728.33;2.30;7.45;126837.00;48.00;0.04;0.16;1.03;0.14;1.50;-0.06;17841.00;39843.01;18.10;-0.27;-2.28;137758.00;2.79;11.83;2.10;-0.37;0.74;21511.00;762.00;0.01;-1.28;0.08;0.07;0.79;0.01;-0.03;-0.20;0.00
ZG;2019;0.00;1.00;0.00;1722.17;2.27;7.45;127642.00;-427.00;-0.33;-0.99;1.04;0.43;1.43;-0.07;18723.00;38998.38;18.10;-0.29;-2.28;138998.00;2.86;11.84;1.90;-0.55;0.64;22076.00;650.00;0.01;-1.29;0.09;0.09;0.93;0.00;-0.37;-0.20;0.01
ZG;2020;0.00;1.00;0.00;1735.50;2.34;7.46;128794.00;-165.00;-0.13;-0.35;1.04;0.61;1.33;-0.10;18246.00;41072.93;18.00;-0.25;-2.29;140109.81;2.92;11.85;2.50;-0.03;0.92;22570.00;493.00;0.00;-1.27;0.13;0.12;1.32;0.01;0.21;0.60;0.01
ZG;2021;0.00;1.00;0.00;1734.00;2.33;7.46;129787.00;-376.00;-0.29;-0.85;1.05;0.80;1.25;-0.08;19247.00;40169.89;18.70;-0.27;-2.22;139829.59;2.91;11.85;2.50;-0.03;0.92;22947.00;585.00;0.00;-1.25;0.10;0.10;1.03;0.00;-0.16;0.00;0.00
ZG;2022;0.00;1.00;0.00;1773.67;2.53;7.48;131164.00;-290.00;-0.22;-0.64;0.99;-1.70;1.21;-0.04;18763.00;42430.98;18.90;-0.23;-2.20;141088.05;2.98;11.86;1.70;-0.72;0.53;23520.00;864.00;0.01;-1.22;0.05;0.05;0.51;0.02;0.07;-0.80;0.01
ZG;2023;0.00;1.00;0.00;2053.29;3.95;7.63;132556.00;-505.00;-0.38;-1.14;1.03;0.31;1.48;0.27;18808.00;43230.98;18.40;-0.22;-2.25;165073.02;4.34;12.01;1.70;-0.72;0.53;24098.00;442.00;0.00;-1.24;-0.33;-0.41;-3.42;0.15;-0.16;0.00;0.16
ZH;2014;0.00;1.00;0.00;1526.17;1.28;7.33;1446354.00;675.00;0.05;0.19;1.03;0.06;1.95;0.00;14326.00;44311.90;54.20;-0.20;1.36;94722.27;0.35;11.46;3.20;0.57;1.16;238835.00;8371.00;0.01;0.58;0.00;0.00;0.01;0.00;0.00;0.00;0.00
ZH;2015;0.00;1.00;0.00;1495.67;1.12;7.31;1466424.00;1590.00;0.11;0.38;1.02;-0.39;1.84;-0.11;15137.00;43342.95;57.70;-0.22;1.71;95101.16;0.37;11.46;3.40;0.75;1.22;243341.00;9928.00;0.01;0.75;-0.08;-0.09;-0.84;-0.02;0.06;0.20;0.00
ZH;2016;0.00;1.00;0.00;1533.33;1.31;7.34;1487969.00;2114.00;0.14;0.48;0.98;-1.80;1.71;-0.13;14366.00;47026.53;55.00;-0.15;1.44;95766.87;0.41;11.47;3.70;1.00;1.31;247586.00;9998.00;0.01;0.64;-0.08;-0.09;-0.86;0.02;0.03;0.30;0.01
ZH;2017;0.00;1.00;0.00;1526.00;1.28;7.33;1504346.00;1567.00;0.10;0.37;1.06;1.54;1.56;-0.15;14125.00;49017.52;52.80;-0.12;1.22;96149.94;0.43;11.47;3.40;0.75;1.22;255371.00;8089.00;0.01;0.55;-0.08;-0.09;-0.84;0.00;-0.04;-0.30;0.00
ZH;2018;0.00;1.00;0.00;1574.83;1.53;7.36;1520968.00;1808.00;0.12;0.41;1.03;0.14;1.50;-0.06;14015.00;50719.88;50.50;-0.09;0.99;96630.69;0.46;11.48;2.50;-0.03;0.92;258731.00;9783.00;0.01;0.45;-0.03;-0.03;-0.27;0.03;0.01;-0.90;0.00
ZH;2019;0.00;1.00;0.00;1584.67;1.58;7.37;1539275.00;1815.00;0.12;0.41;1.04;0.43;1.43;-0.07;14021.00;52076.65;49.50;-0.07;0.89;97500.00;0.51;11.49;2.10;-0.37;0.74;262396.00;8811.00;0.01;0.41;-0.03;-0.03;-0.29;0.01;0.00;-0.40;0.01
ZH;2020;0.00;1.00;0.00;1592.00;1.61;7.37;1553423.00;-2091.00;-0.13;-0.37;1.04;0.61;1.33;-0.10;13760.00;54463.43;49.30;-0.03;0.87;98280.37;0.55;11.50;3.00;0.40;1.10;265661.00;8576.00;0.01;0.42;-0.04;-0.04;-0.43;0.00;-0.25;0.90;0.01
ZH;2021;0.00;1.00;0.00;1622.17;1.77;7.39;1564662.00;-5123.00;-0.33;-0.97;1.05;0.80;1.25;-0.08;13792.00;56057.84;49.60;0.00;0.90;98083.81;0.54;11.49;2.90;0.32;1.06;269307.00;7893.00;0.01;0.45;-0.04;-0.04;-0.36;0.02;-0.19;-0.10;0.00
ZH;2022;0.00;1.00;0.00;1652.50;1.92;7.41;1579967.00;-3552.00;-0.22;-0.65;0.99;-1.70;1.21;-0.04;13697.00;58124.59;48.60;0.03;0.80;98966.56;0.59;11.50;1.80;-0.63;0.59;272951.00;8504.00;0.01;0.41;-0.02;-0.02;-0.16;0.02;0.10;-1.10;0.01
ZH;2023;0.00;1.00;0.00;1899.00;3.17;7.55;1605508.00;-3178.00;-0.20;-0.57;1.03;0.31;1.48;0.27;14548.00;55890.04;50.60;0.00;1.00;115790.88;1.54;11.66;1.70;-0.72;0.53;277903.00;9640.00;0.01;0.50;0.13;0.13;1.38;0.14;0.03;-0.10;0.16
;;;;;;;;;;;;;;;;;;;;;;;;;;;;;;;;;;;;;
;;;;;;;;;;;;;;;;;;;;;;;;;;;;;;;;;;;;;
;;;;;;;;;;;;;;;;;;;;;;;;;;;;;;;;;;;;;
;;;;;;;;;;;;;;;;;;;;;;;;;;;;;;;;;;;;;
;;;;;;;;;;;;;;;;;;;;;;;;;;;;;;;;;;;;;
;;;;;;;;;;;;;;;;;;;;;;;;;;;;;;;;;;;;;
;;;;;;;;;;;;;;;;;;;;;;;;;;;;;;;;;;;;;
;;;;;;;;;;;;;;;;;;;;;;;;;;;;;;;;;;;;;
;;;;;;;;;;;;;;;;;;;;;;;;;;;;;;;;;;;;;
;;;;;;;;;;;;;;;;;;;;;;;;;;;;;;;;;;;;;
;;;;;;;;;;;;;;;;;;;;;;;;;;;;;;;;;;;;;
;;;;;;;;;;;;;;;;;;;;;;;;;;;;;;;;;;;;;
;;;;;;;;;;;;;;;;;;;;;;;;;;;;;;;;;;;;;
;;;;;;;;;;;;;;;;;;;;;;;;;;;;;;;;;;;;;
;;;;;;;;;;;;;;;;;;;;;;;;;;;;;;;;;;;;;
;;;;;;;;;;;;;;;;;;;;;;;;;;;;;;;;;;;;;
;;;;;;;;;;;;;;;;;;;;;;;;;;;;;;;;;;;;;
;;;;;;;;;;;;;;;;;;;;;;;;;;;;;;;;;;;;;
;;;;;;;;;;;;;;;;;;;;;;;;;;;;;;;;;;;;;
;;;;;;;;;;;;;;;;;;;;;;;;;;;;;;;;;;;;;
;;;;;;;;;;;;;;;;;;;;;;;;;;;;;;;;;;;;;
;;;;;;;;;;;;;;;;;;;;;;;;;;;;;;;;;;;;;
;;;;;;;;;;;;;;;;;;;;;;;;;;;;;;;;;;;;;
;;;;;;;;;;;;;;;;;;;;;;;;;;;;;;;;;;;;;
;;;;;;;;;;;;;;;;;;;;;;;;;;;;;;;;;;;;;